id;data_inversa;dia_semana;horario;br;km;municipio;causa_acidente;tipo_acidente;classificacao_acidente;fase_dia;sentido_via;condicao_metereologica;tipo_pista;tracado_via;uso_solo;pessoas;mortos;feridos_leves;feridos_graves;ilesos;ignorados;feridos;veiculos;latitude;longitude
191944.0;2019-02-17;domingo;13:20:00;101.0;377;ICONHA;Falta de Atenção à Condução;Colisão transversal;Com Vítimas Feridas;Pleno dia;Crescente;Nublado;Simples;Reta;Sim;3;0;1;0;2;0;1;2;-20,794;-40,812
191950.0;2019-02-17;domingo;14:00:00;101.0;119;SOORETAMA;Falta de Atenção à Condução;Queda de ocupante de veículo;Com Vítimas Feridas;Pleno dia;Crescente;Sol;Simples;Reta;Não;1;0;0;1;0;0;1;1;-19,17007;-40,088
191981.0;2019-02-17;domingo;16:10:00;101.0;282,5;CARIACICA;Falta de Atenção à Condução;Colisão com objeto estático;Com Vítimas Feridas;Pleno dia;Crescente;Céu Claro;Dupla;Reta;Sim;1;0;1;0;0;0;1;1;-20,22997;-40,36717
192002.0;2019-02-17;domingo;18:40:00;101.0;262,1;SERRA;Falta de Atenção à Condução;Colisão traseira;Com Vítimas Feridas;Plena Noite;Decrescente;Céu Claro;Múltipla;Interseção de vias;Sim;2;0;1;0;1;0;1;2;-20,15898;-40,2762
192007.0;2019-02-17;domingo;18:50:00;101.0;149;LINHARES;Desobediência às normas de trânsito pelo condutor;Colisão transversal;Com Vítimas Feridas;Plena Noite;Crescente;Céu Claro;Dupla;Interseção de vias;Sim;2;0;1;0;1;0;1;2;-19,39883;-40,06303
192023.0;2019-02-17;domingo;18:30:00;101.0;145;LINHARES;Falta de Atenção à Condução;Colisão traseira;Com Vítimas Feridas;Plena Noite;Crescente;Céu Claro;Dupla;Reta;Sim;3;0;0;1;1;1;1;3;-19,3571;-40,06425
192035.0;2019-02-17;domingo;22:20:00;101.0;266;SERRA;Ingestão de Álcool;Colisão transversal;Sem Vítimas;Pleno dia;Decrescente;Nublado;Múltipla;Interseção de vias;Sim;2;0;0;0;2;0;0;2;-20,20181;-40,26941
192085.0;2019-02-18;segunda-feira;06:40:00;101.0;2,4;VITORIA;Não guardar distância de segurança;Colisão traseira;Com Vítimas Feridas;Pleno dia;Crescente;Céu Claro;Dupla;Reta;Sim;2;0;0;1;1;0;1;2;-20,25398;-40,28863
192104.0;2019-02-18;segunda-feira;07:30:00;101.0;270;SERRA;Falta de Atenção à Condução;Colisão transversal;Com Vítimas Feridas;Pleno dia;Crescente;Sol;Múltipla;Curva;Sim;3;0;0;1;2;0;1;3;-20,22617;-40,2707
192122.0;2019-02-18;segunda-feira;09:20:00;101.0;0,7;SERRA;Não guardar distância de segurança;Colisão traseira;Com Vítimas Feridas;Pleno dia;Crescente;Chuva;Dupla;Reta;Sim;6;0;1;1;4;0;2;3;-20,24727;-40,28381
192131.0;2019-02-18;segunda-feira;10:28:00;101.0;146,7;LINHARES;Falta de Atenção à Condução;Colisão traseira;Com Vítimas Feridas;Pleno dia;Crescente;Céu Claro;Dupla;Reta;Sim;3;0;1;0;2;0;1;2;-19,3763;-40,06635
192151.0;2019-02-18;segunda-feira;13:00:00;393.0;0,2;CACHOEIRO DE ITAPEMIRIM;Não guardar distância de segurança;Colisão lateral;Com Vítimas Feridas;Pleno dia;Crescente;Céu Claro;Simples;Reta;Sim;2;0;1;0;1;0;1;2;-20,84132;-41,15929
192199.0;2019-02-18;segunda-feira;18:10:00;101.0;214;IBIRACU;Falta de Atenção à Condução;Colisão transversal;Com Vítimas Feridas;Anoitecer;Decrescente;Nublado;Simples;Interseção de vias;Sim;3;0;1;0;2;0;1;2;-19,83001;-40,37319
192230.0;2019-02-18;segunda-feira;20:13:00;101.0;394;RIO NOVO DO SUL;Falta de Atenção à Condução;Tombamento;Sem Vítimas;Amanhecer;Decrescente;Nublado;Simples;Reta;Não;1;0;0;0;1;0;0;1;-20,86566;-40,92738
192235.0;2019-02-18;segunda-feira;21:40:00;101.0;266,3;SERRA;Agressão Externa;Tombamento;Com Vítimas Feridas;Plena Noite;Decrescente;Nublado;Dupla;Interseção de vias;Sim;1;0;1;0;0;0;1;1;-20,19379;-40,26857
192297.0;2019-02-19;terça-feira;07:00:00;101.0;299;VIANA;Falta de Atenção à Condução;Tombamento;Com Vítimas Feridas;Pleno dia;Decrescente;Sol;Simples;Reta;Não;1;0;1;0;0;0;1;1;-20,35843;-40,42532
192324.0;2019-02-19;terça-feira;12:40:00;262.0;6,4;CARIACICA;Não guardar distância de segurança;Colisão traseira;Com Vítimas Feridas;Pleno dia;Decrescente;Céu Claro;Dupla;Reta;Sim;3;0;2;0;1;0;2;2;-20,3404;-40,395
192399.0;2019-02-19;terça-feira;20:35:00;262.0;93;DOMINGOS MARTINS;Desobediência às normas de trânsito pelo condutor;Colisão frontal;Com Vítimas Feridas;Plena Noite;Crescente;Céu Claro;Simples;Reta;Não;5;0;2;2;1;0;4;2;-20,3804;-41,0491
192414.0;2019-02-19;terça-feira;20:15:00;259.0;26,5;COLATINA;Falta de Atenção à Condução;Queda de ocupante de veículo;Com Vítimas Feridas;Plena Noite;Crescente;Nublado;Simples;Reta;Não;2;0;2;0;0;0;2;1;-19,61868;-40,48632
192455.0;2019-02-20;quarta-feira;07:35:00;101.0;151,6;LINHARES;Falta de Atenção à Condução;Colisão transversal;Com Vítimas Feridas;Pleno dia;Crescente;Céu Claro;Simples;Reta;Não;2;0;1;0;1;0;1;2;-19,41728;-40,06836
192491.0;2019-02-20;quarta-feira;10:40:00;101.0;292,4;CARIACICA;Ingestão de Álcool;Colisão traseira;Sem Vítimas;Pleno dia;Crescente;Céu Claro;Dupla;Reta;Sim;2;0;0;0;2;0;0;2;-20,30374;-40,39604
192504.0;2019-02-20;quarta-feira;13:10:00;101.0;106,4;SOORETAMA;Avarias e/ou desgaste excessivo no pneu;Tombamento;Com Vítimas Feridas;Pleno dia;Crescente;Céu Claro;Simples;Não Informado;Não;3;0;1;0;2;0;1;1;-19,03259;-40,02053
192509.0;2019-02-20;quarta-feira;14:00:00;101.0;145;LINHARES;Pista Escorregadia;Queda de ocupante de veículo;Com Vítimas Feridas;Pleno dia;Crescente;Céu Claro;Múltipla;Reta;Não;1;0;1;0;0;0;1;1;-19,36878;-40,06567
192519.0;2019-02-20;quarta-feira;14:00:00;101.0;145,3;LINHARES;Falta de Atenção à Condução;Colisão transversal;Com Vítimas Feridas;Pleno dia;Crescente;Céu Claro;Simples;Reta;Sim;2;0;1;0;0;1;1;2;-19,3633;-40,06508
192526.0;2019-02-20;quarta-feira;16:00:00;101.0;375,9;ICONHA;Não guardar distância de segurança;Colisão transversal;Com Vítimas Feridas;Pleno dia;Decrescente;Nublado;Dupla;Curva;Sim;2;0;0;1;1;0;1;2;-20,78741;-40,80073
192530.0;2019-02-20;quarta-feira;15:40:00;262.0;6,8;CARIACICA;Falta de Atenção à Condução;Tombamento;Com Vítimas Feridas;Pleno dia;Decrescente;Nublado;Múltipla;Reta;Sim;1;0;1;0;0;0;1;1;-20,3404;-40,395
192531.0;2019-02-20;quarta-feira;15:55:00;101.0;305;VIANA;Desobediência às normas de trânsito pelo condutor;Colisão transversal;Com Vítimas Feridas;Pleno dia;Decrescente;Chuva;Simples;Interseção de vias;Sim;3;0;1;0;2;0;1;2;-20,3847;-40,46244
192537.0;2019-02-20;quarta-feira;17:10:00;101.0;382,9;RIO NOVO DO SUL;Pista Escorregadia;Queda de ocupante de veículo;Com Vítimas Feridas;Pleno dia;Decrescente;Nublado;Simples;Reta;Não;1;0;1;0;0;0;1;1;-20,82348;-40,85189
192564.0;2019-02-20;quarta-feira;19:30:00;101.0;336;GUARAPARI;Ingestão de Álcool;Colisão traseira;Sem Vítimas;Plena Noite;Decrescente;Nublado;Simples;Curva;Não;2;0;0;0;2;0;0;2;-20,62772;-40,53494
192567.0;2019-02-20;quarta-feira;20:00:00;262.0;2,8;CARIACICA;Falta de Atenção à Condução;Tombamento;Com Vítimas Feridas;Plena Noite;Decrescente;Céu Claro;Dupla;Interseção de vias;Sim;1;0;1;0;0;0;1;1;-20,33148;-40,36375
192588.0;2019-02-20;quarta-feira;19:20:00;262.0;116,7;CONCEICAO DO CASTELO;Falta de Atenção à Condução;Colisão com objeto estático;Sem Vítimas;Plena Noite;Crescente;Nublado;Simples;Reta;Não;1;0;0;0;0;1;0;1;-20,3172;-41,2283
192644.0;2019-02-21;quinta-feira;09:00:00;101.0;267,9;SERRA;Desobediência às normas de trânsito pelo condutor;Colisão transversal;Com Vítimas Feridas;Pleno dia;Crescente;Céu Claro;Simples;Interseção de vias;Sim;2;0;1;0;1;0;1;2;-20,20661;-40,26968
192686.0;2019-02-21;quinta-feira;12:00:00;262.0;1;CARIACICA;Mal Súbito;Colisão lateral;Com Vítimas Fatais;Pleno dia;Crescente;Céu Claro;Dupla;Reta;Sim;5;1;0;1;3;0;1;5;-20,3286;-40,355
192712.0;2019-02-13;quarta-feira;14:30:00;482.0;87,9;ALEGRE;Desobediência às normas de trânsito pelo condutor;Colisão frontal;Com Vítimas Feridas;Pleno dia;Crescente;Chuva;Simples;Curva;Não;5;0;1;2;2;0;3;3;-20,75686;-41,55546
192715.0;2019-02-21;quinta-feira;16:20:00;262.0;5,2;CARIACICA;Falta de Atenção à Condução;Colisão transversal;Com Vítimas Feridas;Pleno dia;Decrescente;Céu Claro;Múltipla;Reta;Sim;3;0;1;0;1;1;1;2;-20,3374;-40,3859
192795.0;2019-02-22;sexta-feira;04:50:00;101.0;301,5;VIANA;Velocidade Incompatível;Tombamento;Com Vítimas Feridas;Amanhecer;Decrescente;Céu Claro;Múltipla;Retorno Regulamentado;Sim;2;0;0;1;0;1;1;2;-20,36534;-40,44331
192822.0;2019-02-22;sexta-feira;08:30:00;101.0;144,8;LINHARES;Falta de Atenção à Condução;Colisão traseira;Com Vítimas Feridas;Pleno dia;Crescente;Céu Claro;Múltipla;Reta;Sim;2;0;1;0;1;0;1;2;-19,3597;-40,06456
192835.0;2019-02-22;sexta-feira;08:50:00;101.0;295,7;CARIACICA;Falta de Atenção à Condução;Colisão lateral;Com Vítimas Feridas;Pleno dia;Crescente;Céu Claro;Múltipla;Reta;Sim;3;0;0;1;2;0;1;3;-20,33695;-40,40275
192888.0;2019-02-22;sexta-feira;14:45:00;101.0;137;LINHARES;Não guardar distância de segurança;Colisão traseira;Com Vítimas Feridas;Pleno dia;Crescente;Sol;Simples;Reta;Não;2;0;0;1;1;0;1;2;-19,30053;-40,08437
192897.0;2019-02-22;sexta-feira;16:10:00;101.0;253;SERRA;Não guardar distância de segurança;Engavetamento;Com Vítimas Feridas;Pleno dia;Decrescente;Céu Claro;Simples;Reta;Sim;4;0;1;0;3;0;1;3;-20,10948;-40,328
192916.0;2019-02-22;sexta-feira;18:05:00;101.0;147,9;LINHARES;Falta de Atenção à Condução;Colisão traseira;Com Vítimas Feridas;Anoitecer;Decrescente;Céu Claro;Múltipla;Reta;Sim;2;0;1;0;1;0;1;2;-19,38571;-40,06711
192931.0;2019-02-22;sexta-feira;19:15:00;262.0;5,4;CARIACICA;Desobediência às normas de trânsito pelo condutor;Colisão transversal;Com Vítimas Feridas;Plena Noite;Decrescente;Céu Claro;Múltipla;Interseção de vias;Sim;2;0;1;0;1;0;1;2;-20,33841;-40,39218
192939.0;2019-02-22;sexta-feira;20:00:00;262.0;6,4;CARIACICA;Falta de Atenção do Pedestre;Atropelamento de Pedestre;Com Vítimas Feridas;Plena Noite;Decrescente;Nublado;Múltipla;Reta;Sim;2;0;2;0;0;0;2;1;-20,3419;-40,3978
193017.0;2019-02-23;sábado;07:20:00;101.0;402,7;ITAPEMIRIM;Ultrapassagem Indevida;Colisão frontal;Com Vítimas Fatais;Pleno dia;Decrescente;Céu Claro;Simples;Curva;Não;4;2;0;0;2;0;0;3;-20,88959;-40,99656
193018.0;2019-02-22;sexta-feira;21:30:00;393.0;0;CACHOEIRO DE ITAPEMIRIM;Carga excessiva e/ou mal acondicionada;Tombamento;Com Vítimas Feridas;Plena Noite;Crescente;Céu Claro;Simples;Rotatória;Sim;1;0;1;0;0;0;1;1;-20,84132;-41,15929
193041.0;2019-02-23;sábado;09:00:00;101.0;277,9;SERRA;Velocidade Incompatível;Colisão com objeto estático;Com Vítimas Feridas;Pleno dia;Crescente;Sol;Dupla;Retorno Regulamentado;Não;2;0;1;0;1;0;1;1;-20,217;-40,32948
193114.0;2019-02-23;sábado;15:00:00;101.0;149;LINHARES;Desobediência às normas de trânsito pelo condutor;Colisão lateral;Com Vítimas Feridas;Pleno dia;Crescente;Céu Claro;Múltipla;Não Informado;Sim;2;0;1;0;1;0;1;2;-19,35797;-40,06805
193129.0;2019-02-23;sábado;16:40:00;101.0;265,2;SERRA;Desobediência às normas de trânsito pelo condutor;Queda de ocupante de veículo;Com Vítimas Feridas;Pleno dia;Crescente;Céu Claro;Dupla;Reta;Sim;1;0;0;1;0;0;1;1;-20,1837;-40,26654
193146.0;2019-02-23;sábado;18:40:00;101.0;145;LINHARES;Falta de Atenção à Condução;Colisão transversal;Com Vítimas Feridas;Plena Noite;Crescente;Céu Claro;Simples;Interseção de vias;Sim;2;0;1;0;1;0;1;2;-19,35877;-40,06438
193195.0;2019-02-23;sábado;20:40:00;482.0;103,1;GUACUI;Falta de Atenção à Condução;Colisão frontal;Com Vítimas Feridas;Plena Noite;Crescente;Céu Claro;Simples;Reta;Sim;3;0;2;1;0;0;3;2;-20,78563;-41,65206
193266.0;2019-02-07;quinta-feira;18:45:00;101.0;304,7;VIANA;Sinalização da via insuficiente ou inadequada;Colisão transversal;Com Vítimas Feridas;Anoitecer;Crescente;Nublado;Simples;Não Informado;Não;3;0;2;0;1;0;2;2;-20,38497;-40,46246
193268.0;2019-02-24;domingo;09:55:00;262.0;6,3;CARIACICA;Desobediência às normas de trânsito pelo condutor;Colisão transversal;Com Vítimas Feridas;Pleno dia;Crescente;Sol;Múltipla;Interseção de vias;Sim;3;0;3;0;0;0;3;2;-20,3404;-40,395
193303.0;2019-02-24;domingo;15:00:00;101.0;264;SERRA;Desobediência às normas de trânsito pelo condutor;Colisão transversal;Sem Vítimas;Pleno dia;Crescente;Céu Claro;Dupla;Interseção de vias;Sim;2;0;0;0;2;0;0;2;-20,17752;-40,26578
193308.0;2019-02-24;domingo;15:30:00;259.0;9,4;JOAO NEIVA;Falta de Atenção à Condução;Tombamento;Com Vítimas Feridas;Pleno dia;Crescente;Céu Claro;Simples;Curva;Não;1;0;0;1;0;0;1;1;-19,68072;-40,39144
193321.0;2019-02-24;domingo;16:00:00;101.0;262;SERRA;Ingestão de Álcool;Engavetamento;Sem Vítimas;Pleno dia;Crescente;Sol;Dupla;Reta;Sim;4;0;0;0;4;0;0;4;-20,16991;-40,27113
193342.0;2019-02-24;domingo;16:30:00;262.0;59,9;MARECHAL FLORIANO;Velocidade Incompatível;Capotamento;Com Vítimas Feridas;Pleno dia;Crescente;Chuva;Simples;Curva;Não;1;0;1;0;0;0;1;1;-20,4223;-40,7767
193344.0;2019-02-24;domingo;18:40:00;262.0;164,6;IBATIBA;Falta de Atenção à Condução;Colisão traseira;Com Vítimas Feridas;Plena Noite;Decrescente;Céu Claro;Simples;Curva;Não;1;0;0;1;0;0;1;1;-20,24698;-41,54871
193361.0;2019-02-24;domingo;19:20:00;262.0;21;VIANA;Falta de Atenção à Condução;Colisão traseira;Com Vítimas Feridas;Plena Noite;Decrescente;Céu Claro;Simples;Reta;Não;3;0;2;0;0;1;2;2;-20,3816;-40,5036
193368.0;2019-02-24;domingo;19:25:00;482.0;102;GUACUI;Ingestão de Álcool;Capotamento;Com Vítimas Fatais;Plena Noite;Crescente;Céu Claro;Simples;Reta;Não;2;1;1;0;0;0;1;1;-20,7794;-41,64507
193376.0;2019-02-24;domingo;20:00:00;101.0;70,2;SAO MATEUS;Animais na Pista;Atropelamento de Animal;Com Vítimas Feridas;Plena Noite;Decrescente;Céu Claro;Simples;Reta;Não;2;0;1;0;1;0;1;1;-18,74767;-39,86202
193405.0;2019-02-24;domingo;22:20:00;101.0;305;VIANA;Sinalização da via insuficiente ou inadequada;Colisão transversal;Com Vítimas Feridas;Plena Noite;Crescente;Céu Claro;Múltipla;Não Informado;Sim;4;0;2;0;2;0;2;2;-20,38493;-40,46292
193452.0;2019-02-25;segunda-feira;04:30:00;393.0;2,5;CACHOEIRO DE ITAPEMIRIM;Animais na Pista;Atropelamento de Animal;Com Vítimas Feridas;Plena Noite;Crescente;Céu Claro;Simples;Reta;Não;1;0;0;1;0;0;1;1;-20,83242;-41,17491
193478.0;2019-02-25;segunda-feira;07:20:00;101.0;269,5;SERRA;Falta de Atenção à Condução;Colisão traseira;Com Vítimas Feridas;Pleno dia;Crescente;Céu Claro;Dupla;Reta;Sim;2;0;2;0;0;0;2;2;-20,22358;-40,27014
193495.0;2019-02-25;segunda-feira;08:30:00;262.0;17;VIANA;Falta de Atenção à Condução;Colisão traseira;Com Vítimas Feridas;Pleno dia;Decrescente;Céu Claro;Simples;Reta;Sim;3;0;2;0;0;1;2;3;-20,3852;-40,4699
193530.0;2019-02-25;segunda-feira;12:10:00;101.0;326,3;GUARAPARI;Falta de Atenção à Condução;Colisão frontal;Com Vítimas Fatais;Pleno dia;Crescente;Céu Claro;Simples;Reta;Não;8;1;0;1;6;0;1;5;-20,54858;-40,48222
193590.0;2019-02-25;segunda-feira;18:00:00;101.0;0;SERRA;Falta de Atenção à Condução;Colisão lateral;Com Vítimas Feridas;Anoitecer;Crescente;Céu Claro;Simples;Curva;Sim;2;0;1;0;1;0;1;2;-20,23403;-40,27599
193613.0;2019-02-25;segunda-feira;20:40:00;101.0;407;ITAPEMIRIM;Ingestão de Álcool;Colisão lateral;Com Vítimas Feridas;Plena Noite;Crescente;Céu Claro;Simples;Reta;Não;4;0;1;0;3;0;1;3;-20,895;-41,026
193640.0;2019-02-26;terça-feira;02:00:00;262.0;0,7;CARIACICA;Falta de Atenção à Condução;Colisão traseira;Com Vítimas Feridas;Plena Noite;Crescente;Céu Claro;Dupla;Ponte;Sim;5;0;1;0;4;0;1;4;-20,32122;-40,35095
193660.0;2019-02-26;terça-feira;07:05:00;101.0;204,7;JOAO NEIVA;Desobediência às normas de trânsito pelo condutor;Colisão transversal;Com Vítimas Feridas;Pleno dia;Crescente;Céu Claro;Simples;Interseção de vias;Sim;3;0;2;0;0;1;2;2;-19,75561;-40,38017
193704.0;2019-02-26;terça-feira;09:50:00;101.0;304;VIANA;Falta de Atenção à Condução;Colisão traseira;Sem Vítimas;Pleno dia;Crescente;Céu Claro;Dupla;Reta;Sim;2;0;0;0;2;0;0;2;-20,38339;-40,46124
193733.0;2019-02-26;terça-feira;10:35:00;262.0;1,1;CARIACICA;Falta de Atenção à Condução;Colisão com objeto estático;Com Vítimas Feridas;Pleno dia;Decrescente;Céu Claro;Múltipla;Reta;Sim;2;0;1;0;1;0;1;1;-20,33316;-40,35692
193756.0;2019-02-26;terça-feira;16:10:00;262.0;6,8;CARIACICA;Falta de Atenção à Condução;Colisão lateral;Com Vítimas Feridas;Pleno dia;Crescente;Céu Claro;Dupla;Reta;Sim;3;0;1;0;2;0;1;2;-20,3404;-40,395
193765.0;2019-02-26;terça-feira;16:45:00;101.0;107,6;SOORETAMA;Ingestão de Álcool;Colisão lateral;Com Vítimas Feridas;Pleno dia;Crescente;Céu Claro;Simples;Não Informado;Não;7;0;2;0;5;0;2;3;-19,04612;-40,02676
193780.0;2019-02-26;terça-feira;16:40:00;101.0;1;SERRA;Desobediência às normas de trânsito pelo condutor;Colisão lateral;Sem Vítimas;Pleno dia;Crescente;Sol;Dupla;Reta;Sim;4;0;0;0;4;0;0;4;-20,23849;-40,27863
193797.0;2019-02-26;terça-feira;18:00:00;101.0;264;SERRA;Falta de Atenção à Condução;Colisão transversal;Com Vítimas Feridas;Plena Noite;Decrescente;Céu Claro;Dupla;Interseção de vias;Sim;2;0;1;0;1;0;1;2;-20,17871;-40,26539
193821.0;2019-02-26;terça-feira;21:00:00;393.0;12,1;MUQUI;Falta de Atenção à Condução;Colisão transversal;Com Vítimas Feridas;Plena Noite;Crescente;Céu Claro;Simples;Reta;Não;2;0;1;0;1;0;1;2;-20,85203;-41,24533
193846.0;2019-02-27;quarta-feira;05:00:00;262.0;2;CARIACICA;Desobediência às normas de trânsito pelo condutor;Colisão lateral;Com Vítimas Feridas;Amanhecer;Decrescente;Céu Claro;Dupla;Reta;Sim;2;0;0;1;1;0;1;2;-20,3326;-40,3608
193959.0;2019-02-27;quarta-feira;17:40:00;101.0;268;SERRA;Falta de Atenção à Condução;Colisão traseira;Com Vítimas Feridas;Anoitecer;Decrescente;Nublado;Múltipla;Reta;Sim;2;0;1;0;1;0;1;2;-20,21203;-40,26973
193982.0;2019-02-27;quarta-feira;19:30:00;101.0;276,6;SERRA;Desobediência às normas de trânsito pelo condutor;Colisão traseira;Com Vítimas Feridas;Plena Noite;Decrescente;Céu Claro;Dupla;Reta;Não;4;0;1;0;3;0;1;3;-20,21089;-40,31815
193994.0;2019-02-27;quarta-feira;19:20:00;262.0;20,7;VIANA;Falta de Atenção à Condução;Colisão transversal;Sem Vítimas;Plena Noite;Decrescente;Céu Claro;Simples;Reta;Não;2;0;0;0;2;0;0;2;-20,3884;-40,4943
194032.0;2019-02-28;quinta-feira;04:00:00;262.0;151;IBATIBA;Velocidade Incompatível;Capotamento;Com Vítimas Feridas;Plena Noite;Crescente;Céu Claro;Simples;Curva;Não;1;0;1;0;0;0;1;1;-20,21595;-41,45005
194110.0;2019-02-28;quinta-feira;09:40:00;262.0;7;CARIACICA;Falta de Atenção do Pedestre;Colisão transversal;Com Vítimas Feridas;Pleno dia;Decrescente;Céu Claro;Dupla;Reta;Não;2;0;1;0;1;0;1;2;-20,3426;-40,4024
194113.0;2019-02-28;quinta-feira;14:40:00;262.0;6,8;CARIACICA;Falta de Atenção à Condução;Colisão lateral;Com Vítimas Feridas;Pleno dia;Decrescente;Céu Claro;Múltipla;Reta;Sim;2;0;0;1;1;0;1;2;-20,3404;-40,395
194127.0;2019-02-28;quinta-feira;15:30:00;482.0;120,9;GUACUI;Velocidade Incompatível;Saída de leito carroçável;Com Vítimas Feridas;Pleno dia;Crescente;Chuva;Simples;Curva;Não;1;0;1;0;0;0;1;1;-20,78133;-41,77191
194135.0;2019-02-28;quinta-feira;15:40:00;101.0;294,9;CARIACICA;Falta de Atenção à Condução;Colisão traseira;Com Vítimas Feridas;Pleno dia;Crescente;Céu Claro;Dupla;Reta;Não;3;0;0;3;0;0;3;2;-20,32596;-40,39776
194141.0;2019-02-28;quinta-feira;16:00:00;262.0;2,8;CARIACICA;Falta de Atenção à Condução;Colisão traseira;Com Vítimas Feridas;Pleno dia;Crescente;Sol;Dupla;Reta;Sim;3;0;1;1;1;0;2;2;-20,33236;-40,3672
194187.0;2019-02-28;quinta-feira;21:15:00;101.0;397,3;RIO NOVO DO SUL;Falta de Atenção do Pedestre;Atropelamento de Pedestre;Com Vítimas Feridas;Plena Noite;Crescente;Nublado;Simples;Curva;Sim;2;0;1;0;1;0;1;1;-20,86917;-40,94147
194193.0;2019-02-28;quinta-feira;20:15:00;262.0;85;DOMINGOS MARTINS;Desobediência às normas de trânsito pelo condutor;Colisão lateral;Sem Vítimas;Plena Noite;Crescente;Nublado;Simples;Reta;Não;2;0;0;0;2;0;0;2;-20,401;-40,9808
194194.0;2019-02-28;quinta-feira;21:55:00;101.0;2;SERRA;Não guardar distância de segurança;Colisão traseira;Com Vítimas Feridas;Plena Noite;Crescente;Céu Claro;Dupla;Reta;Sim;2;0;1;0;1;0;1;2;-20,12909;-40,30812
194195.0;2019-02-28;quinta-feira;22:05:00;262.0;2;VITORIA;Deficiência ou não Acionamento do Sistema de Iluminação/Sinalização do Veículo;Colisão lateral;Com Vítimas Feridas;Plena Noite;Crescente;Céu Claro;Dupla;Reta;Não;2;0;1;0;1;0;1;2;-20,25325;-40,28774
194200.0;2019-02-28;quinta-feira;21:50:00;101.0;270;SERRA;Objeto estático sobre o leito carroçável;Colisão com objeto estático;Sem Vítimas;Plena Noite;Decrescente;Céu Claro;Dupla;Não Informado;Sim;1;0;0;0;1;0;0;1;-20,23193;-40,2741
194206.0;2019-02-28;quinta-feira;23:30:00;262.0;3,8;CARIACICA;Ingestão de Álcool;Colisão transversal;Com Vítimas Feridas;Plena Noite;Crescente;Céu Claro;Múltipla;Interseção de vias;Sim;3;0;3;0;0;0;3;2;-20,3332;-40,3685
194224.0;2019-03-01;sexta-feira;04:00:00;101.0;417;CACHOEIRO DE ITAPEMIRIM;Animais na Pista;Atropelamento de Animal;Sem Vítimas;Plena Noite;Crescente;Céu Claro;Simples;Reta;Não;2;0;0;0;2;0;0;2;-20,94755;-41,08943
194285.0;2019-03-01;sexta-feira;10:30:00;101.0;131,3;LINHARES;Defeito Mecânico no Veículo;Queda de ocupante de veículo;Com Vítimas Feridas;Pleno dia;Crescente;Céu Claro;Simples;Desvio Temporário;Não;1;0;1;0;0;0;1;1;-19,28605;-40,08677
194306.0;2019-03-01;sexta-feira;11:30:00;262.0;1,3;CARIACICA;Falta de Atenção à Condução;Colisão lateral;Com Vítimas Feridas;Pleno dia;Crescente;Céu Claro;Múltipla;Reta;Sim;2;0;1;0;1;0;1;2;-20,3286;-40,355
194337.0;2019-03-01;sexta-feira;14:10:00;101.0;147;LINHARES;Desobediência às normas de trânsito pelo condutor;Colisão transversal;Com Vítimas Feridas;Pleno dia;Crescente;Céu Claro;Simples;Rotatória;Sim;2;0;1;1;0;0;2;2;-19,37942;-40,06663
194354.0;2019-03-01;sexta-feira;15:30:00;101.0;67;SAO MATEUS;Desobediência às normas de trânsito pelo condutor;Colisão transversal;Com Vítimas Feridas;Pleno dia;Crescente;Céu Claro;Dupla;Reta;Sim;3;0;1;0;2;0;1;2;-18,72055;-39,86588
194392.0;2019-03-01;sexta-feira;17:30:00;259.0;1,2;JOAO NEIVA;Falta de Atenção à Condução;Atropelamento de Pedestre;Com Vítimas Feridas;Anoitecer;Crescente;Sol;Simples;Reta;Sim;3;0;0;2;1;0;2;1;-19,73798;-40,37751
194398.0;2019-03-01;sexta-feira;18:00:00;262.0;109;VENDA NOVA DO IMIGRANTE;Falta de Atenção à Condução;Colisão lateral;Com Vítimas Feridas;Anoitecer;Decrescente;Céu Claro;Simples;Reta;Não;2;0;1;0;1;0;1;2;-20,3359;-41,1728
194424.0;2019-03-01;sexta-feira;18:30:00;262.0;108;VENDA NOVA DO IMIGRANTE;Desobediência às normas de trânsito pelo condutor;Colisão lateral;Com Vítimas Feridas;Plena Noite;Crescente;Nublado;Simples;Reta;Sim;2;0;1;0;1;0;1;2;-20,3343;-41,1639
194441.0;2019-03-01;sexta-feira;20:40:00;101.0;401,8;ITAPEMIRIM;Velocidade Incompatível;Saída de leito carroçável;Com Vítimas Fatais;Plena Noite;Decrescente;Céu Claro;Simples;Curva;Não;3;1;0;0;2;0;0;1;-20,88915;-40,98995
194446.0;2019-03-01;sexta-feira;20:50:00;101.0;160;LINHARES;Falta de Atenção à Condução;Queda de ocupante de veículo;Com Vítimas Feridas;Plena Noite;Decrescente;Céu Claro;Simples;Reta;Não;1;0;1;0;0;0;1;1;-19,46384;-40,10679