id;data_inversa;dia_semana;horario;br;km;municipio;causa_acidente;tipo_acidente;classificacao_acidente;fase_dia;sentido_via;condicao_metereologica;tipo_pista;tracado_via;uso_solo;pessoas;mortos;feridos_leves;feridos_graves;ilesos;ignorados;feridos;veiculos;latitude;longitude
210770.0;2019-05-20;segunda-feira;18:10:00;101.0;303,9;VIANA;Defeito Mecânico no Veículo;Queda de ocupante de veículo;Com Vítimas Feridas;Plena Noite;Decrescente;Céu Claro;Dupla;Reta;Não;2;0;1;1;0;0;2;1;-20,37696;-40,44527
210817.0;2019-05-20;segunda-feira;21:55:00;262.0;5,2;CARIACICA;Animais na Pista;Atropelamento de Animal;Com Vítimas Feridas;Plena Noite;Decrescente;Céu Claro;Múltipla;Reta;Sim;2;0;2;0;0;0;2;1;-20,33707;-40,3865
210827.0;2019-05-20;segunda-feira;22:50:00;262.0;5,5;CARIACICA;Desobediência às normas de trânsito pelo condutor;Colisão transversal;Com Vítimas Feridas;Plena Noite;Decrescente;Céu Claro;Múltipla;Interseção de vias;Sim;2;0;0;1;1;0;1;2;-20,33653;-40,38898
210856.0;2019-05-21;terça-feira;07:40:00;262.0;3,4;CARIACICA;Falta de Atenção à Condução;Colisão lateral;Com Vítimas Feridas;Pleno dia;Decrescente;Céu Claro;Múltipla;Desvio Temporário;Sim;2;0;1;1;0;0;2;2;-20,33374;-40,36911
210899.0;2019-05-21;terça-feira;12:40:00;101.0;323,9;GUARAPARI;Ultrapassagem Indevida;Colisão lateral;Com Vítimas Feridas;Pleno dia;Crescente;Céu Claro;Simples;Reta;Não;2;0;1;0;1;0;1;2;-20,53698;-40,48275
210942.0;2019-05-21;terça-feira;17:20:00;101.0;313,5;VILA VELHA;Desobediência às normas de trânsito pelo condutor;Colisão lateral;Com Vítimas Feridas;Anoitecer;Decrescente;Céu Claro;Simples;Reta;Não;2;0;0;1;1;0;1;2;-20,45266;-40,46228
211064.0;2019-05-22;quarta-feira;10:00:00;101.0;270;SERRA;Desobediência às normas de trânsito pelo condutor;Colisão traseira;Sem Vítimas;Pleno dia;Crescente;Céu Claro;Múltipla;Reta;Sim;3;0;0;0;3;0;0;2;-20,23267;-40,27658
211122.0;2019-05-22;quarta-feira;17:45:00;101.0;190;ARACRUZ;Desobediência às normas de trânsito pelo condutor;Atropelamento de Pedestre;Com Vítimas Feridas;Anoitecer;Decrescente;Céu Claro;Simples;Curva;Não;2;0;0;1;1;0;1;1;-19,68561;-40,27854
211124.0;2019-05-22;quarta-feira;17:40:00;101.0;147,1;LINHARES;Desobediência às normas de trânsito pelo condutor;Colisão transversal;Com Vítimas Feridas;Plena Noite;Crescente;Céu Claro;Simples;Reta;Sim;2;0;1;0;1;0;1;2;-19,37887;-40,06658
211140.0;2019-05-22;quarta-feira;19:00:00;262.0;98,5;VENDA NOVA DO IMIGRANTE;Desobediência às normas de trânsito pelo condutor;Colisão transversal;Com Vítimas Feridas;Plena Noite;Crescente;Céu Claro;Simples;Interseção de vias;Não;3;0;2;0;1;0;2;2;-20,35624;-41,08499
211161.0;2019-05-22;quarta-feira;22:20:00;101.0;264,2;SERRA;Falta de Atenção à Condução;Colisão transversal;Com Vítimas Feridas;Plena Noite;Decrescente;Céu Claro;Múltipla;Reta;Sim;2;0;1;0;1;0;1;2;-20,17293;-40,26736
211166.0;2019-05-22;quarta-feira;23:30:00;447.0;12,5;VILA VELHA;Falta de Atenção à Condução;Colisão traseira;Com Vítimas Feridas;Plena Noite;Crescente;Céu Claro;Dupla;Reta;Sim;2;0;2;0;0;0;2;2;-20,3501;-40,33328
211171.0;2019-05-22;quarta-feira;23:30:00;101.0;269,7;SERRA;Carga excessiva e/ou mal acondicionada;Derramamento de carga;Sem Vítimas;Plena Noite;Decrescente;Céu Claro;Múltipla;Interseção de vias;Sim;1;0;0;0;1;0;0;1;-20,2174;-40,26991
211181.0;2019-05-23;quinta-feira;03:00:00;101.0;421,5;CACHOEIRO DE ITAPEMIRIM;Condutor Dormindo;Colisão frontal;Com Vítimas Fatais;Plena Noite;Decrescente;Céu Claro;Simples;Reta;Não;2;1;0;0;1;0;0;2;-20,97797;-41,11215
211190.0;2019-05-23;quinta-feira;07:15:00;101.0;121,5;SOORETAMA;Fenômenos da Natureza;Colisão traseira;Com Vítimas Feridas;Pleno dia;Decrescente;Nevoeiro/Neblina;Simples;Reta;Não;2;0;1;0;1;0;1;2;-19,15199;-40,07913
211195.0;2019-05-23;quinta-feira;07:00:00;101.0;121;SOORETAMA;Restrição de Visibilidade;Colisão traseira;Com Vítimas Feridas;Pleno dia;Crescente;Nevoeiro/Neblina;Simples;Reta;Não;2;0;0;1;1;0;1;2;-19,15199;-40,07913
211197.0;2019-05-23;quinta-feira;06:50:00;101.0;122;SOORETAMA;Desobediência às normas de trânsito pelo condutor;Tombamento;Com Vítimas Feridas;Amanhecer;Decrescente;Nevoeiro/Neblina;Simples;Reta;Não;1;0;1;0;0;0;1;1;-19,16017;-40,08315
211273.0;2019-05-23;quinta-feira;16:35:00;101.0;306,9;VIANA;Desobediência às normas de trânsito pelo condutor;Colisão transversal;Com Vítimas Feridas;Pleno dia;Crescente;Céu Claro;Simples;Reta;Não;2;0;1;0;1;0;1;2;-20,39894;-40,45649
211293.0;2019-05-23;quinta-feira;17:00:00;101.0;257;SERRA;Falta de Atenção à Condução;Colisão frontal;Com Vítimas Feridas;Anoitecer;Crescente;Céu Claro;Múltipla;Reta;Não;2;0;2;0;0;0;2;2;-20,12455;-40,30332
211334.0;2019-05-23;quinta-feira;20:30:00;262.0;150,7;IBATIBA;Ingestão de Álcool;Saída de leito carroçável;Com Vítimas Feridas;Plena Noite;Decrescente;Céu Claro;Simples;Reta;Não;1;0;0;1;0;0;1;1;-20,21662;-41,44678
211341.0;2019-05-23;quinta-feira;20:50:00;262.0;122,7;CONCEICAO DO CASTELO;Defeito Mecânico no Veículo;Incêndio;Sem Vítimas;Plena Noite;Decrescente;Céu Claro;Simples;Curva;Não;1;0;0;0;1;0;0;1;-20,29354;-41,23937
211403.0;2019-05-24;sexta-feira;06:05:00;262.0;55,5;MARECHAL FLORIANO;Carga excessiva e/ou mal acondicionada;Derramamento de carga;Com Vítimas Feridas;Pleno dia;Crescente;Céu Claro;Simples;Curva;Não;2;0;1;0;1;0;1;2;-20,41121;-40,74794
211411.0;2019-05-12;domingo;19:25:00;259.0;76;COLATINA;Falta de Atenção à Condução;Saída de leito carroçável;Com Vítimas Feridas;Plena Noite;Crescente;Nublado;Simples;Reta;Sim;1;0;1;0;0;0;1;1;-19,52864;-40,79785
211416.0;2019-05-24;sexta-feira;10:40:00;101.0;232;FUNDAO;Pista Escorregadia;Tombamento;Com Vítimas Feridas;Pleno dia;Crescente;Sol;Simples;Reta;Não;1;0;1;0;0;0;1;1;-19,95224;-40,4088
211434.0;2019-05-24;sexta-feira;12:20:00;101.0;414,8;ITAPEMIRIM;Desobediência às normas de trânsito pelo condutor;Colisão lateral;Com Vítimas Feridas;Pleno dia;Decrescente;Céu Claro;Simples;Reta;Não;2;0;1;0;1;0;1;2;-20,92346;-41,07836
211441.0;2019-05-24;sexta-feira;13:20:00;101.0;244;SERRA;Ultrapassagem Indevida;Colisão frontal;Com Vítimas Feridas;Pleno dia;Decrescente;Sol;Simples;Reta;Sim;8;0;7;0;0;1;7;3;-20,04725;-40,38732
211445.0;2019-05-24;sexta-feira;14:00:00;101.0;255,1;SERRA;Falta de Atenção à Condução;Colisão traseira;Com Vítimas Feridas;Pleno dia;Crescente;Sol;Simples;Reta;Sim;3;0;0;1;1;1;1;2;-20,11584;-40,31772
211447.0;2019-05-24;sexta-feira;14:20:00;101.0;66;SAO MATEUS;Desobediência às normas de trânsito pelo condutor;Colisão transversal;Com Vítimas Feridas;Pleno dia;Crescente;Céu Claro;Simples;Reta;Sim;2;0;1;0;1;0;1;2;-18,71652;-39,87436
211450.0;2019-05-24;sexta-feira;14:30:00;101.0;255;SERRA;Falta de Atenção à Condução;Colisão traseira;Com Vítimas Feridas;Pleno dia;Crescente;Céu Claro;Dupla;Reta;Sim;4;0;1;0;3;0;1;3;-20,11488;-40,31944
211461.0;2019-05-24;sexta-feira;15:10:00;101.0;214;IBIRACU;Falta de Atenção à Condução;Colisão transversal;Com Vítimas Feridas;Pleno dia;Decrescente;Sol;Simples;Retorno Regulamentado;Não;3;0;1;0;2;0;1;2;-19,82999;-40,37211
211479.0;2019-05-24;sexta-feira;17:30:00;101.0;268,5;SERRA;Desobediência às normas de trânsito pelo condutor;Colisão lateral;Com Vítimas Feridas;Pleno dia;Crescente;Sol;Múltipla;Reta;Não;2;0;1;0;1;0;1;2;-20,21328;-40,27013
211490.0;2019-05-24;sexta-feira;17:45:00;393.0;12,8;CACHOEIRO DE ITAPEMIRIM;Objeto estático sobre o leito carroçável;Saída de leito carroçável;Com Vítimas Feridas;Anoitecer;Crescente;Céu Claro;Simples;Reta;Não;1;0;1;0;0;0;1;1;-20,8599;-41,25197
211547.0;2019-05-24;sexta-feira;21:30:00;262.0;5,2;CARIACICA;Falta de Atenção do Pedestre;Atropelamento de Pedestre;Com Vítimas Feridas;Plena Noite;Decrescente;Céu Claro;Dupla;Curva;Sim;2;0;1;1;0;0;2;1;-20,33707;-40,3865
211548.0;2019-05-24;sexta-feira;21:20:00;482.0;104,8;GUACUI;Desobediência às normas de trânsito pelo condutor;Colisão frontal;Com Vítimas Feridas;Plena Noite;Crescente;Céu Claro;Simples;Reta;Sim;2;0;2;0;0;0;2;2;-20,78384;-41,66073
211559.0;2019-05-24;sexta-feira;15:00:00;101.0;98,1;JAGUARE;Falta de Atenção à Condução;Tombamento;Com Vítimas Feridas;Pleno dia;Crescente;Céu Claro;Simples;Reta;Não;1;0;1;0;0;0;1;1;-18,96369;-39,98758
211620.0;2019-05-25;sábado;10:30:00;101.0;148,7;LINHARES;Falta de Atenção à Condução;Saída de leito carroçável;Com Vítimas Feridas;Pleno dia;Decrescente;Céu Claro;Múltipla;Reta;Sim;2;0;1;0;0;1;1;1;-19,38787;-40,06753
211644.0;2019-05-25;sábado;14:35:00;101.0;64,5;SAO MATEUS;Desobediência às normas de trânsito pelo condutor;Queda de ocupante de veículo;Com Vítimas Feridas;Pleno dia;Crescente;Céu Claro;Simples;Curva;Não;3;0;0;2;0;1;2;2;-18,70744;-39,87647
211671.0;2019-05-25;sábado;14:20:00;101.0;121,7;LINHARES;Defeito Mecânico no Veículo;Tombamento;Com Vítimas Feridas;Pleno dia;Crescente;Céu Claro;Simples;Reta;Não;2;0;1;0;1;0;1;1;-19,15199;-40,07913
211683.0;2019-05-25;sábado;17:40:00;259.0;1;JOAO NEIVA;Animais na Pista;Atropelamento de Animal;Com Vítimas Feridas;Anoitecer;Crescente;Céu Claro;Simples;Reta;Sim;2;0;0;1;0;1;1;1;-19,73799;-40,37752
211684.0;2019-04-13;sábado;21:00:00;101.0;293;CARIACICA;Desobediência às normas de trânsito pelo condutor;Colisão lateral;Com Vítimas Feridas;Pleno dia;Crescente;Céu Claro;Dupla;Interseção de vias;Sim;3;0;1;0;2;0;1;2;-20,31526;-40,39567
211709.0;2019-05-25;sábado;20:10:00;101.0;191,1;ARACRUZ;Defeito Mecânico no Veículo;Tombamento;Com Vítimas Feridas;Plena Noite;Decrescente;Céu Claro;Simples;Reta;Não;2;0;2;0;0;0;2;1;-19,68909;-40,28696
211711.0;2019-05-25;sábado;20:50:00;101.0;177;ARACRUZ;Ingestão de Álcool;Colisão lateral;Com Vítimas Feridas;Plena Noite;Decrescente;Céu Claro;Simples;Reta;Não;2;0;0;1;1;0;1;2;-19,60287;-40,20326
211717.0;2019-05-25;sábado;21:20:00;482.0;104,8;GUACUI;Ingestão de Álcool;Colisão transversal;Com Vítimas Feridas;Plena Noite;Crescente;Nublado;Simples;Reta;Sim;2;0;0;1;1;0;1;2;-20,78384;-41,66073
211721.0;2019-05-25;sábado;21:40:00;101.0;315;GUARAPARI;Não guardar distância de segurança;Colisão traseira;Sem Vítimas;Plena Noite;Crescente;Céu Claro;Simples;Reta;Não;2;0;0;0;2;0;0;2;-20,46977;-40,46795
211724.0;2019-05-25;sábado;22:00:00;101.0;285;CARIACICA;Falta de Atenção à Condução;Colisão transversal;Com Vítimas Feridas;Plena Noite;Decrescente;Céu Claro;Dupla;Retorno Regulamentado;Sim;7;0;2;3;1;1;5;2;-20,25148;-40,3727
211725.0;2019-05-25;sábado;21:55:00;101.0;178,5;ARACRUZ;Falta de Atenção à Condução;Colisão lateral;Sem Vítimas;Plena Noite;Decrescente;Céu Claro;Simples;Curva;Não;3;0;0;0;3;0;0;3;-19,61033;-40,20858
211747.0;2019-05-26;domingo;00:07:00;101.0;156,3;LINHARES;Ingestão de Álcool;Colisão frontal;Com Vítimas Fatais;Plena Noite;Decrescente;Céu Claro;Simples;Reta;Não;5;1;2;2;0;0;4;3;-19,44596;-40,09435
211753.0;2019-05-26;domingo;01:00:00;393.0;1;CACHOEIRO DE ITAPEMIRIM;Falta de Atenção à Condução;Colisão frontal;Com Vítimas Feridas;Plena Noite;Decrescente;Garoa/Chuvisco;Simples;Reta;Sim;2;0;1;0;1;0;1;2;-20,83723;-41,16733
211836.0;2019-05-26;domingo;12:00:00;262.0;4,8;CARIACICA;Falta de Atenção à Condução;Colisão traseira;Com Vítimas Feridas;Pleno dia;Decrescente;Nublado;Dupla;Reta;Sim;5;0;2;0;3;0;2;4;-20,33658;-40,3781
211864.0;2019-05-26;domingo;16:55:00;101.0;119;SOORETAMA;Falta de Atenção à Condução;Tombamento;Com Vítimas Feridas;Anoitecer;Crescente;Nublado;Simples;Reta;Não;2;0;2;0;0;0;2;1;-19,13567;-40,07109
211878.0;2019-05-26;domingo;17:30:00;101.0;127;LINHARES;Não guardar distância de segurança;Colisão traseira;Com Vítimas Feridas;Anoitecer;Crescente;Nublado;Simples;Reta;Sim;2;0;0;1;1;0;1;2;-19,2029;-40,09552
211883.0;2019-05-26;domingo;18:13:00;101.0;129;LINHARES;Desobediência às normas de trânsito pelo condutor;Saída de leito carroçável;Com Vítimas Feridas;Plena Noite;Crescente;Céu Claro;Simples;Reta;Não;2;0;0;2;0;0;2;1;-19,22093;-40,09362
211899.0;2019-05-26;domingo;18:20:00;262.0;27;VIANA;Falta de Atenção à Condução;Engavetamento;Com Vítimas Feridas;Anoitecer;Decrescente;Nublado;Simples;Reta;Não;4;0;1;0;3;0;1;4;-20,38399;-40,55226
211900.0;2019-05-26;domingo;18:45:00;259.0;62,9;COLATINA;Falta de Atenção do Pedestre;Atropelamento de Pedestre;Com Vítimas Feridas;Plena Noite;Decrescente;Céu Claro;Simples;Rotatória;Sim;2;0;0;1;1;0;1;1;-19,53124;-40,68991
211936.0;2019-05-26;domingo;21:40:00;101.0;262;SERRA;Velocidade Incompatível;Colisão lateral;Com Vítimas Feridas;Plena Noite;Decrescente;Nublado;Dupla;Reta;Sim;3;0;0;1;2;0;1;2;-20,15723;-40,27678
211949.0;2019-05-26;domingo;22:50:00;101.0;266,6;SERRA;Desobediência às normas de trânsito pelo condutor;Colisão transversal;Com Vítimas Feridas;Plena Noite;Crescente;Céu Claro;Múltipla;Reta;Sim;2;0;1;0;0;1;1;2;-20,1902;-40,26829
211998.0;2019-05-27;segunda-feira;08:00:00;101.0;395;RIO NOVO DO SUL;Falta de Atenção à Condução;Colisão lateral;Com Vítimas Feridas;Pleno dia;Crescente;Céu Claro;Simples;Interseção de vias;Sim;2;0;0;1;1;0;1;2;-20,86594;-40,93258
212037.0;2019-05-27;segunda-feira;12:40:00;262.0;106,7;VENDA NOVA DO IMIGRANTE;Não guardar distância de segurança;Colisão lateral;Com Vítimas Feridas;Pleno dia;Crescente;Céu Claro;Múltipla;Reta;Sim;3;0;0;2;1;0;2;2;-20,3285;-41,15002
212063.0;2019-04-21;domingo;18:05:00;101.0;310;VIANA;Desobediência às normas de trânsito pelo pedestre;Atropelamento de Pedestre;Com Vítimas Feridas;Plena Noite;Decrescente;Céu Claro;Simples;Curva;Não;2;0;0;1;1;0;1;1;-20,4259;-40,46037
212070.0;2019-05-27;segunda-feira;16:40:00;101.0;144;LINHARES;Falta de Atenção à Condução;Colisão traseira;Com Vítimas Feridas;Pleno dia;Decrescente;Nublado;Múltipla;Reta;Sim;1;0;1;0;0;0;1;1;-19,35188;-40,06367
212104.0;2019-05-27;segunda-feira;17:45:00;101.0;67;SAO MATEUS;Desobediência às normas de trânsito pelo condutor;Colisão transversal;Com Vítimas Feridas;Anoitecer;Decrescente;Céu Claro;Múltipla;Reta;Sim;3;0;1;0;2;0;1;2;-18,72054;-39,86589
212108.0;2019-05-27;segunda-feira;19:20:00;101.0;262;SERRA;Desobediência às normas de trânsito pelo condutor;Colisão transversal;Com Vítimas Feridas;Plena Noite;Crescente;Nublado;Múltipla;Não Informado;Sim;2;0;1;0;1;0;1;2;-20,15723;-40,27678
212145.0;2019-05-28;terça-feira;04:40:00;101.0;319,3;GUARAPARI;Ingestão de Álcool;Colisão lateral;Sem Vítimas;Pleno dia;Crescente;Céu Claro;Simples;Reta;Não;2;0;0;0;1;1;0;2;-20,50358;-40,47484
212226.0;2019-05-28;terça-feira;12:45:00;101.0;8;PEDRO CANARIO;Falta de Atenção à Condução;Colisão lateral;Com Vítimas Feridas;Pleno dia;Crescente;Nublado;Simples;Reta;Não;3;0;2;0;1;0;2;2;-18,23028;-39,95278
212325.0;2019-05-29;quarta-feira;07:15:00;101.0;262;SERRA;Não guardar distância de segurança;Colisão traseira;Com Vítimas Feridas;Pleno dia;Crescente;Céu Claro;Dupla;Reta;Não;2;0;1;0;1;0;1;2;-20,15723;-40,27678
212372.0;2019-05-29;quarta-feira;11:40:00;101.0;215;FUNDAO;Falta de Atenção à Condução;Colisão lateral;Com Vítimas Feridas;Pleno dia;Crescente;Céu Claro;Múltipla;Reta;Sim;2;0;1;0;1;0;1;2;-19,93201;-40,40542
212383.0;2019-05-29;quarta-feira;13:30:00;101.0;262;SERRA;Falta de Atenção à Condução;Colisão frontal;Com Vítimas Feridas;Pleno dia;Decrescente;Céu Claro;Simples;Reta;Não;2;0;1;0;1;0;1;2;-20,16071;-40,27545
212400.0;2019-05-29;quarta-feira;15:15:00;101.0;276,8;SERRA;Falta de Atenção à Condução;Saída de leito carroçável;Com Vítimas Feridas;Pleno dia;Decrescente;Céu Claro;Dupla;Reta;Sim;1;0;1;0;0;0;1;1;-20,20789;-40,31335
212430.0;2019-05-29;quarta-feira;18:40:00;101.0;309,5;VIANA;Falta de Atenção do Pedestre;Atropelamento de Pedestre;Com Vítimas Feridas;Plena Noite;Crescente;Céu Claro;Simples;Interseção de vias;Sim;2;0;1;0;1;0;1;1;-20,417;-40,45985
212541.0;2019-05-30;quinta-feira;13:30:00;482.0;87,8;ALEGRE;Velocidade Incompatível;Colisão traseira;Com Vítimas Fatais;Pleno dia;Decrescente;Céu Claro;Múltipla;Curva;Não;3;1;1;0;1;0;1;2;-20,75685;-41,55547
212586.0;2019-05-30;quinta-feira;18:50:00;101.0;265;SERRA;Falta de Atenção à Condução;Tombamento;Com Vítimas Feridas;Plena Noite;Crescente;Céu Claro;Dupla;Reta;Não;1;0;1;0;0;0;1;1;-20,18168;-40,26536
212597.0;2019-05-30;quinta-feira;18:50:00;101.0;325,6;GUARAPARI;Falta de Atenção à Condução;Colisão traseira;Com Vítimas Feridas;Plena Noite;Crescente;Ignorado;Simples;Reta;Não;2;0;0;1;1;0;1;2;-20,55491;-40,48065
212668.0;2019-05-31;sexta-feira;08:20:00;101.0;298;VIANA;Falta de Atenção à Condução;Queda de ocupante de veículo;Com Vítimas Feridas;Pleno dia;Decrescente;Céu Claro;Dupla;Reta;Sim;1;0;1;0;0;0;1;1;-20,35374;-40,41564
212693.0;2019-05-31;sexta-feira;11:00:00;101.0;365,6;ANCHIETA;Falta de Atenção à Condução;Tombamento;Com Vítimas Feridas;Pleno dia;Decrescente;Céu Claro;Simples;Curva;Não;1;0;1;0;0;0;1;1;-20,73398;-40,75071
212695.0;2019-05-31;sexta-feira;11:30:00;101.0;265;SERRA;Falta de Atenção à Condução;Colisão traseira;Com Vítimas Feridas;Pleno dia;Crescente;Céu Claro;Dupla;Não Informado;Sim;2;0;0;1;1;0;1;2;-20,2174;-40,26991
212730.0;2019-05-31;sexta-feira;15:10:00;101.0;287;CARIACICA;Falta de Atenção à Condução;Colisão traseira;Sem Vítimas;Pleno dia;Decrescente;Céu Claro;Dupla;Reta;Sim;2;0;0;0;2;0;0;2;-20,26494;-40,38472
212747.0;2019-05-31;sexta-feira;16:50:00;101.0;256;SERRA;Falta de Atenção à Condução;Colisão traseira;Com Vítimas Feridas;Anoitecer;Crescente;Céu Claro;Dupla;Reta;Não;2;0;1;0;0;1;1;2;-20,11912;-40,31101
212748.0;2019-03-24;domingo;19:30:00;262.0;158,3;IBATIBA;Defeito Mecânico no Veículo;Saída de leito carroçável;Com Vítimas Fatais;Plena Noite;Crescente;Nublado;Simples;Reta;Sim;1;1;0;0;0;0;0;1;-20,23027;-41,49909
212750.0;2019-05-31;sexta-feira;17:00:00;101.0;146,5;LINHARES;Falta de Atenção à Condução;Colisão transversal;Com Vítimas Feridas;Anoitecer;Crescente;Céu Claro;Múltipla;Reta;Sim;2;0;1;0;1;0;1;2;-19,37339;-40,06575
212755.0;2019-05-31;sexta-feira;17:30:00;101.0;445,5;MIMOSO DO SUL;Pista Escorregadia;Queda de ocupante de veículo;Com Vítimas Feridas;Anoitecer;Crescente;Céu Claro;Simples;Reta;Não;1;0;0;1;0;0;1;1;-21,11046;-41,26351
212884.0;2019-06-01;sábado;08:10:00;101.0;66;SAO MATEUS;Não guardar distância de segurança;Colisão traseira;Com Vítimas Feridas;Pleno dia;Crescente;Céu Claro;Dupla;Reta;Sim;2;0;1;0;1;0;1;2;-18,71904;-39,86967
212906.0;2019-06-01;sábado;09:50:00;101.0;146,1;LINHARES;Desobediência às normas de trânsito pelo condutor;Colisão transversal;Com Vítimas Feridas;Pleno dia;Decrescente;Céu Claro;Simples;Reta;Sim;3;0;1;1;1;0;2;2;-19,36991;-40,06561
212943.0;2019-06-01;sábado;14:50:00;101.0;270,2;SERRA;Falta de Atenção à Condução;Colisão traseira;Sem Vítimas;Pleno dia;Decrescente;Céu Claro;Dupla;Reta;Sim;2;0;0;0;2;0;0;2;-20,22662;-40,27075
212982.0;2019-06-01;sábado;19:30:00;101.0;299,2;VIANA;Falta de Atenção à Condução;Colisão com objeto estático;Com Vítimas Feridas;Plena Noite;Crescente;Céu Claro;Múltipla;Reta;Sim;2;0;2;0;0;0;2;1;-20,35861;-40,42328
213011.0;2019-06-01;sábado;22:10:00;101.0;425,3;ATILIO VIVACQUA;Ingestão de Álcool;Colisão frontal;Com Vítimas Fatais;Plena Noite;Decrescente;Chuva;Simples;Reta;Não;3;1;0;0;2;0;0;2;-21,00134;-41,13197
213023.0;2019-06-01;sábado;23:00:00;482.0;62;JERONIMO MONTEIRO;Falta de Atenção à Condução;Queda de ocupante de veículo;Com Vítimas Feridas;Plena Noite;Decrescente;Céu Claro;Simples;Reta;Não;1;0;0;1;0;0;1;1;-20,79349;-41,3791
213077.0;2019-06-02;domingo;05:40:00;101.0;150;LINHARES;Desobediência às normas de trânsito pelo pedestre;Queda de ocupante de veículo;Com Vítimas Feridas;Amanhecer;Crescente;Nevoeiro/Neblina;Simples;Desvio Temporário;Sim;1;0;1;0;0;0;1;1;-19,40437;-40,06079
213142.0;2019-06-02;domingo;11:00:00;262.0;165;IBATIBA;Animais na Pista;Atropelamento de Animal;Com Vítimas Feridas;Pleno dia;Crescente;Céu Claro;Simples;Curva;Não;1;0;1;0;0;0;1;1;-20,24911;-41,55151
213160.0;2019-06-02;domingo;13:15:00;101.0;439;MIMOSO DO SUL;Velocidade Incompatível;Capotamento;Com Vítimas Feridas;Pleno dia;Crescente;Céu Claro;Simples;Curva;Não;1;0;1;0;0;0;1;1;-21,07265;-41,22787
213197.0;2019-06-02;domingo;17:50:00;262.0;158;IBATIBA;Falta de Atenção à Condução;Colisão traseira;Com Vítimas Feridas;Anoitecer;Decrescente;Céu Claro;Simples;Reta;Sim;2;0;1;0;1;0;1;2;-20,23111;-41,49626
213360.0;2019-06-03;segunda-feira;11:35:00;262.0;3,5;CARIACICA;Falta de Atenção à Condução;Colisão lateral;Com Vítimas Feridas;Pleno dia;Crescente;Céu Claro;Dupla;Rotatória;Sim;1;0;1;0;0;0;1;1;-20,33374;-40,36911
213361.0;2019-06-03;segunda-feira;11:00:00;101.0;281,7;SERRA;Defeito Mecânico no Veículo;Queda de ocupante de veículo;Com Vítimas Feridas;Pleno dia;Decrescente;Sol;Dupla;Reta;Sim;2;0;1;1;0;0;2;1;-20,22113;-40,35721
213367.0;2019-06-03;segunda-feira;11:30:00;101.0;1;SERRA;Falta de Atenção à Condução;Tombamento;Com Vítimas Feridas;Pleno dia;Crescente;Sol;Dupla;Reta;Sim;1;0;1;0;0;0;1;1;-20,24178;-40,28077
213391.0;2019-06-03;segunda-feira;12:10:00;262.0;104,3;VENDA NOVA DO IMIGRANTE;Falta de Atenção à Condução;Colisão transversal;Com Vítimas Feridas;Pleno dia;Crescente;Céu Claro;Simples;Interseção de vias;Sim;2;0;1;0;1;0;1;2;-20,33303;-41,12932
213395.0;2019-06-03;segunda-feira;13:50:00;259.0;58,7;COLATINA;Falta de Atenção à Condução;Colisão transversal;Com Vítimas Feridas;Pleno dia;Crescente;Céu Claro;Simples;Não Informado;Sim;2;0;0;1;1;0;1;2;-19,51447;-40,66079
213531.0;2019-06-04;terça-feira;07:45:00;262.0;1;CARIACICA;Falta de Atenção à Condução;Colisão traseira;Com Vítimas Feridas;Pleno dia;Decrescente;Céu Claro;Dupla;Ponte;Não;2;0;2;0;0;0;2;2;-20,32955;-40,35493
213632.0;2019-06-04;terça-feira;19:10:00;101.0;266;SERRA;Desobediência às normas de trânsito pelo condutor;Atropelamento de Pedestre;Com Vítimas Feridas;Plena Noite;Crescente;Vento;Dupla;Reta;Sim;2;0;1;1;0;0;2;1;-20,1902;-40,26829
213640.0;2019-06-04;terça-feira;18:20:00;101.0;293;CARIACICA;Falta de Atenção à Condução;Tombamento;Com Vítimas Feridas;Plena Noite;Decrescente;Céu Claro;Dupla;Reta;Sim;1;0;1;0;0;0;1;1;-20,31526;-40,39567
213660.0;2019-06-04;terça-feira;21:15:00;101.0;145;LINHARES;Falta de Atenção à Condução;Colisão traseira;Com Vítimas Feridas;Plena Noite;Crescente;Céu Claro;Dupla;Reta;Sim;2;0;1;0;1;0;1;2;-19,3609;-40,06464
213670.0;2019-06-04;terça-feira;21:35:00;101.0;266;SERRA;Desobediência às normas de trânsito pelo condutor;Colisão transversal;Com Vítimas Feridas;Plena Noite;Crescente;Céu Claro;Múltipla;Interseção de vias;Sim;2;0;1;0;1;0;1;2;-20,1902;-40,26829
213711.0;2019-06-05;quarta-feira;06:45:00;101.0;298,2;VIANA;Falta de Atenção à Condução;Atropelamento de Pedestre;Com Vítimas Feridas;Pleno dia;Decrescente;Céu Claro;Dupla;Reta;Sim;2;0;1;0;0;1;1;1;-20,35456;-40,41607