id;data_inversa;dia_semana;horario;br;km;municipio;causa_acidente;tipo_acidente;classificacao_acidente;fase_dia;sentido_via;condicao_metereologica;tipo_pista;tracado_via;uso_solo;pessoas;mortos;feridos_leves;feridos_graves;ilesos;ignorados;feridos;veiculos;latitude;longitude
222771.0;2019-07-18;quinta-feira;06:45:00;101.0;386,9;ICONHA;Velocidade Incompatível;Colisão frontal;Com Vítimas Feridas;Pleno dia;Crescente;Nublado;Simples;Curva;Não;2;0;1;0;1;0;1;2;-20,75547;-40,7573
222821.0;2019-07-18;quinta-feira;13:00:00;101.0;410,8;ITAPEMIRIM;Falta de Atenção à Condução;Colisão lateral;Com Vítimas Feridas;Pleno dia;Decrescente;Nublado;Simples;Reta;Não;8;0;2;4;1;1;6;3;-20,90298;-41,05986
222876.0;2019-07-18;quinta-feira;18:00:00;101.0;293,1;CARIACICA;Falta de Atenção à Condução;Colisão transversal;Com Vítimas Feridas;Plena Noite;Decrescente;Nublado;Múltipla;Reta;Sim;2;0;1;0;1;0;1;2;-20,31526;-40,39567
222897.0;2019-07-18;quinta-feira;20:15:00;101.0;324;GUARAPARI;Falta de Atenção à Condução;Saída de leito carroçável;Com Vítimas Feridas;Plena Noite;Decrescente;Céu Claro;Simples;Reta;Não;2;0;1;0;1;0;1;1;-20,54592;-40,48156
222933.0;2019-07-19;sexta-feira;00:15:00;262.0;24,3;VIANA;Velocidade Incompatível;Tombamento;Sem Vítimas;Plena Noite;Decrescente;Chuva;Simples;Curva;Não;1;0;0;0;1;0;0;1;-20,37918;-40,52625
222987.0;2019-07-19;sexta-feira;10:40:00;262.0;31,2;DOMINGOS MARTINS;Falta de Atenção à Condução;Colisão frontal;Com Vítimas Feridas;Pleno dia;Crescente;Chuva;Simples;Curva;Não;4;0;3;0;1;0;3;2;-20,38051;-40,56831
222991.0;2019-07-19;sexta-feira;10:45:00;101.0;269,5;SERRA;Desobediência às normas de trânsito pelo condutor;Colisão transversal;Com Vítimas Feridas;Pleno dia;Crescente;Chuva;Múltipla;Interseção de vias;Sim;6;0;4;0;2;0;4;4;-20,22203;-40,27047
223003.0;2019-07-19;sexta-feira;10:50:00;482.0;90;ALEGRE;Falta de Atenção à Condução;Saída de leito carroçável;Com Vítimas Feridas;Pleno dia;Crescente;Céu Claro;Simples;Reta;Não;1;0;1;0;0;0;1;1;-20,76062;-41,56211
223043.0;2019-07-19;sexta-feira;15:30:00;101.0;1;SERRA;Defeito na Via;Tombamento;Com Vítimas Feridas;Pleno dia;Crescente;Sol;Dupla;Reta;Sim;1;0;1;0;0;0;1;1;-20,24498;-40,28349
223047.0;2019-07-19;sexta-feira;07:00:00;101.0;293;CARIACICA;Desobediência às normas de trânsito pelo condutor;Colisão transversal;Com Vítimas Feridas;Pleno dia;Decrescente;Nublado;Múltipla;Interseção de vias;Sim;4;0;0;3;0;1;3;2;-20,31526;-40,39567
223064.0;2019-07-19;sexta-feira;16:00:00;101.0;293;CARIACICA;Não guardar distância de segurança;Colisão traseira;Com Vítimas Feridas;Pleno dia;Crescente;Nublado;Dupla;Reta;Sim;3;0;2;0;1;0;2;2;-20,31526;-40,39567
223082.0;2019-07-19;sexta-feira;17:30:00;101.0;222;IBIRACU;Falta de Atenção à Condução;Queda de ocupante de veículo;Com Vítimas Feridas;Anoitecer;Crescente;Nublado;Simples;Reta;Não;3;0;2;0;0;1;2;2;-19,86968;-40,40916
223108.0;2019-07-19;sexta-feira;19:50:00;101.0;294;CARIACICA;Defeito na Via;Colisão frontal;Com Vítimas Feridas;Plena Noite;Decrescente;Nublado;Múltipla;Não Informado;Sim;2;0;0;1;1;0;1;2;-20,32416;-40,39529
223170.0;2019-07-20;sábado;01:15:00;101.0;296;CARIACICA;Falta de Atenção à Condução;Colisão traseira;Com Vítimas Feridas;Plena Noite;Crescente;Chuva;Dupla;Reta;Sim;2;0;1;0;1;0;1;2;-20,3403;-40,40406
223205.0;2019-07-20;sábado;05:50:00;101.0;269,5;SERRA;Desobediência às normas de trânsito pelo condutor;Colisão transversal;Com Vítimas Feridas;Amanhecer;Crescente;Chuva;Dupla;Interseção de vias;Sim;2;0;1;1;0;0;2;2;-20,2174;-40,26991
223258.0;2019-07-20;sábado;06:00:00;482.0;103,3;GUACUI;Velocidade Incompatível;Saída de leito carroçável;Com Vítimas Feridas;Amanhecer;Crescente;Ignorado;Simples;Curva;Não;2;0;2;0;0;0;2;1;-20,78558;-41,652
223261.0;2019-07-20;sábado;12:30:00;101.0;256,9;SERRA;Não guardar distância de segurança;Colisão traseira;Com Vítimas Feridas;Pleno dia;Crescente;Céu Claro;Dupla;Interseção de vias;Sim;2;0;1;0;1;0;1;2;-20,11912;-40,31101
223294.0;2019-07-20;sábado;15:00:00;101.0;327,7;GUARAPARI;Condutor Dormindo;Saída de leito carroçável;Com Vítimas Feridas;Pleno dia;Crescente;Nublado;Simples;Reta;Não;1;0;1;0;0;0;1;1;-20,57231;-40,48456
223375.0;2019-07-20;sábado;19:15:00;101.0;292;CARIACICA;Falta de Atenção à Condução;Colisão com objeto estático;Com Vítimas Feridas;Plena Noite;Crescente;Chuva;Simples;Desvio Temporário;Não;3;0;2;1;0;0;3;1;-20,30601;-40,39517
223384.0;2019-07-20;sábado;21:15:00;101.0;306,4;VIANA;Defeito Mecânico no Veículo;Queda de ocupante de veículo;Com Vítimas Feridas;Plena Noite;Decrescente;Chuva;Simples;Não Informado;Não;1;0;0;1;0;0;1;1;-20,39179;-40,46265
223426.0;2019-07-21;domingo;00:10:00;101.0;99;JAGUARE;Falta de Atenção à Condução;Queda de ocupante de veículo;Com Vítimas Feridas;Plena Noite;Crescente;Chuva;Simples;Reta;Não;1;0;0;1;0;0;1;1;-18,97189;-39,99152
223445.0;2019-07-21;domingo;02:20:00;101.0;292,8;CARIACICA;Falta de Atenção do Pedestre;Atropelamento de Pedestre;Com Vítimas Fatais;Plena Noite;Crescente;Chuva;Dupla;Curva;Sim;2;1;0;0;1;0;0;1;-20,30651;-40,39489
223477.0;2019-07-21;domingo;07:15:00;101.0;225,5;IBIRACU;Falta de Atenção à Condução;Saída de leito carroçável;Com Vítimas Feridas;Pleno dia;Crescente;Garoa/Chuvisco;Simples;Curva;Não;1;0;0;1;0;0;1;1;-19,89291;-40,4123
223508.0;2019-07-21;domingo;08:20:00;101.0;18,9;PEDRO CANARIO;Falta de Atenção à Condução;Colisão transversal;Com Vítimas Feridas;Pleno dia;Decrescente;Chuva;Simples;Reta;Não;2;0;0;2;0;0;2;2;-18,31321;-39,95347
223516.0;2019-07-21;domingo;10:00:00;101.0;388;RIO NOVO DO SUL;Velocidade Incompatível;Tombamento;Com Vítimas Feridas;Pleno dia;Decrescente;Chuva;Simples;Curva;Não;1;0;1;0;0;0;1;1;-20,8569;-40,87678
223557.0;2019-07-21;domingo;15:40:00;101.0;297;VIANA;Não guardar distância de segurança;Colisão traseira;Com Vítimas Feridas;Pleno dia;Decrescente;Céu Claro;Dupla;Reta;Sim;3;0;1;0;1;1;1;2;-20,3453;-40,41027
223558.0;2019-07-21;domingo;15:30:00;101.0;296;CARIACICA;Falta de Atenção à Condução;Capotamento;Com Vítimas Feridas;Pleno dia;Decrescente;Céu Claro;Dupla;Viaduto;Sim;4;0;1;0;3;0;1;1;-20,3437;-40,40651
223575.0;2019-04-15;segunda-feira;12:25:00;101.0;211;IBIRACU;Falta de Atenção à Condução;Colisão lateral;Com Vítimas Feridas;Pleno dia;Crescente;Chuva;Simples;Curva;Não;4;0;1;1;2;0;2;3;-19,80701;-40,36767
223582.0;2019-07-21;domingo;18:15:00;101.0;239,7;FUNDAO;Falta de Atenção à Condução;Colisão transversal;Com Vítimas Feridas;Plena Noite;Decrescente;Chuva;Simples;Reta;Não;2;0;1;0;1;0;1;2;-20,01126;-40,40643
223613.0;2019-07-21;domingo;18:25:00;101.0;175,5;ARACRUZ;Falta de Atenção à Condução;Colisão traseira;Sem Vítimas;Plena Noite;Crescente;Nublado;Simples;Reta;Não;2;0;0;0;1;1;0;2;-19,58855;-40,19197
223660.0;2019-07-21;domingo;21:55:00;101.0;372,6;ICONHA;Falta de Atenção à Condução;Colisão traseira;Com Vítimas Feridas;Plena Noite;Crescente;Céu Claro;Simples;Curva;Não;3;0;1;0;2;0;1;2;-20,77215;-40,77696
223680.0;2019-07-22;segunda-feira;00:30:00;259.0;58,5;COLATINA;Ingestão de Álcool;Saída de leito carroçável;Com Vítimas Feridas;Plena Noite;Crescente;Nublado;Simples;Desvio Temporário;Sim;1;0;1;0;0;0;1;1;-19,52261;-40,66846
223713.0;2019-07-22;segunda-feira;07:45:00;101.0;295,8;CARIACICA;Defeito Mecânico no Veículo;Queda de ocupante de veículo;Com Vítimas Feridas;Pleno dia;Crescente;Céu Claro;Dupla;Reta;Sim;2;0;0;1;1;0;1;1;-20,3403;-40,40406
223761.0;2019-07-22;segunda-feira;11:30:00;262.0;4,9;CARIACICA;Falta de Atenção à Condução;Atropelamento de Pedestre;Com Vítimas Feridas;Pleno dia;Decrescente;Nublado;Dupla;Reta;Sim;3;0;2;0;1;0;2;2;-20,33609;-40,37813
224032.0;2019-07-22;segunda-feira;19:00:00;262.0;5,7;CARIACICA;Falta de Atenção à Condução;Colisão lateral;Com Vítimas Feridas;Plena Noite;Crescente;Chuva;Múltipla;Reta;Sim;3;0;0;1;2;0;1;3;-20,33707;-40,3865
224039.0;2019-07-22;segunda-feira;19:15:00;101.0;70;SAO MATEUS;Falta de Atenção à Condução;Colisão frontal;Com Vítimas Feridas;Plena Noite;Crescente;Céu Claro;Simples;Desvio Temporário;Não;2;0;0;2;0;0;2;2;-18,74454;-39,86165
224049.0;2019-07-22;segunda-feira;19:35:00;101.0;306;VIANA;Falta de Atenção à Condução;Saída de leito carroçável;Com Vítimas Feridas;Plena Noite;Crescente;Chuva;Dupla;Reta;Não;2;0;1;1;0;0;2;1;-20,39179;-40,46265
224104.0;2019-07-23;terça-feira;07:55:00;262.0;1,4;CARIACICA;Falta de Atenção à Condução;Colisão lateral;Com Vítimas Feridas;Pleno dia;Decrescente;Nublado;Dupla;Reta;Sim;2;0;0;1;1;0;1;2;-20,32955;-40,35493
224108.0;2019-07-23;terça-feira;07:00:00;101.0;302;VIANA;Ingestão de Álcool;Colisão lateral;Sem Vítimas;Pleno dia;Decrescente;Céu Claro;Dupla;Reta;Sim;2;0;0;0;2;0;0;2;-20,36958;-40,44385
224133.0;2019-07-23;terça-feira;09:35:00;262.0;4;CARIACICA;Falta de Atenção à Condução;Colisão transversal;Sem Vítimas;Pleno dia;Crescente;Céu Claro;Múltipla;Reta;Sim;2;0;0;0;2;0;0;2;-20,33609;-40,37813
224177.0;2019-07-23;terça-feira;12:15:00;101.0;1;PEDRO CANARIO;Defeito Mecânico no Veículo;Incêndio;Sem Vítimas;Pleno dia;Decrescente;Nublado;Simples;Reta;Não;1;0;0;0;1;0;0;1;-18,18353;-39,92218
224185.0;2019-07-23;terça-feira;15:00:00;101.0;236,1;FUNDAO;Não guardar distância de segurança;Colisão traseira;Com Vítimas Feridas;Pleno dia;Decrescente;Nublado;Simples;Reta;Não;4;0;1;0;3;0;1;3;-19,98435;-40,41371
224205.0;2019-07-23;terça-feira;17:50:00;101.0;66;SAO MATEUS;Falta de Atenção à Condução;Colisão traseira;Com Vítimas Feridas;Plena Noite;Decrescente;Nublado;Simples;Reta;Sim;2;0;0;1;1;0;1;2;-18,71652;-39,87436
224213.0;2019-07-23;terça-feira;14:30:00;262.0;31;DOMINGOS MARTINS;Condutor Dormindo;Saída de leito carroçável;Com Vítimas Feridas;Pleno dia;Decrescente;Céu Claro;Simples;Não Informado;Não;2;0;1;0;1;0;1;1;-20,38051;-40,56831
224272.0;2019-07-24;quarta-feira;05:00:00;259.0;37,7;COLATINA;Animais na Pista;Capotamento;Com Vítimas Feridas;Amanhecer;Crescente;Nublado;Simples;Reta;Não;1;0;1;0;0;0;1;1;-19,5585;-40,5173
224307.0;2019-07-24;quarta-feira;10:30:00;101.0;257,5;SERRA;Pista Escorregadia;Tombamento;Com Vítimas Feridas;Pleno dia;Decrescente;Nublado;Dupla;Curva;Sim;1;0;1;0;0;0;1;1;-20,12455;-40,30332
224331.0;2019-07-24;quarta-feira;12:07:00;262.0;2,3;CARIACICA;Falta de Atenção à Condução;Colisão traseira;Com Vítimas Feridas;Pleno dia;Crescente;Céu Claro;Múltipla;Curva;Sim;2;0;0;1;1;0;1;2;-20,331;-40,36476
224397.0;2019-07-24;quarta-feira;16:45:00;101.0;293,1;CARIACICA;Pista Escorregadia;Queda de ocupante de veículo;Com Vítimas Feridas;Anoitecer;Decrescente;Nublado;Múltipla;Reta;Sim;2;0;2;0;0;0;2;1;-20,31526;-40,39567
224442.0;2019-07-24;quarta-feira;22:10:00;262.0;3;CARIACICA;Falta de Atenção do Pedestre;Atropelamento de Pedestre;Com Vítimas Feridas;Plena Noite;Crescente;Céu Claro;Dupla;Curva;Sim;2;0;0;1;1;0;1;1;-20,33374;-40,36911
224464.0;2019-07-25;quinta-feira;04:00:00;101.0;260,6;SERRA;Ingestão de Substâncias Psicoativas;Saída de leito carroçável;Com Vítimas Feridas;Plena Noite;Decrescente;Nublado;Dupla;Curva;Sim;2;0;1;0;0;1;1;1;-20,14616;-40,28836
224496.0;2019-07-25;quinta-feira;09:28:00;101.0;298;VIANA;Desobediência às normas de trânsito pelo condutor;Colisão traseira;Com Vítimas Feridas;Pleno dia;Crescente;Céu Claro;Dupla;Reta;Não;2;0;1;1;0;0;2;2;-20,35374;-40,41564
224506.0;2019-07-25;quinta-feira;09:50:00;482.0;96;ALEGRE;Defeito Mecânico no Veículo;Colisão lateral;Com Vítimas Fatais;Pleno dia;Decrescente;Céu Claro;Simples;Reta;Não;2;1;0;0;1;0;0;2;-20,76917;-41,59863
224526.0;2019-07-25;quinta-feira;12:00:00;101.0;393,8;RIO NOVO DO SUL;Ultrapassagem Indevida;Colisão frontal;Com Vítimas Feridas;Pleno dia;Crescente;Sol;Simples;Desvio Temporário;Não;3;0;0;1;1;1;1;2;-20,86569;-40,91366
224534.0;2019-07-25;quinta-feira;13:38:00;101.0;263,8;SERRA;Falta de Atenção à Condução;Colisão traseira;Com Vítimas Feridas;Pleno dia;Decrescente;Céu Claro;Dupla;Reta;Sim;3;0;2;0;0;1;2;2;-20,16555;-40,27302
224555.0;2019-07-25;quinta-feira;15:20:00;101.0;228;FUNDAO;Falta de Atenção à Condução;Colisão traseira;Com Vítimas Feridas;Pleno dia;Crescente;Céu Claro;Simples;Reta;Não;3;0;1;0;2;0;1;3;-19,91869;-40,40571
224592.0;2019-07-25;quinta-feira;17:40:00;101.0;233,7;FUNDAO;Velocidade Incompatível;Colisão frontal;Com Vítimas Fatais;Anoitecer;Decrescente;Céu Claro;Simples;Reta;Não;3;1;0;0;2;0;0;2;-19,96668;-40,4064
224608.0;2019-07-25;quinta-feira;18:45:00;101.0;66,2;SAO MATEUS;Falta de Atenção à Condução;Colisão transversal;Com Vítimas Feridas;Plena Noite;Crescente;Céu Claro;Simples;Reta;Sim;5;0;3;0;2;0;3;2;-18,71652;-39,87436
224620.0;2019-07-25;quinta-feira;20:50:00;101.0;66,2;SAO MATEUS;Falta de Atenção do Pedestre;Atropelamento de Pedestre;Com Vítimas Feridas;Plena Noite;Crescente;Céu Claro;Simples;Reta;Sim;2;0;0;1;1;0;1;1;-18,71656;-39,87441
224623.0;2019-07-25;quinta-feira;21:20:00;101.0;270,6;SERRA;Falta de Atenção à Condução;Saída de leito carroçável;Com Vítimas Feridas;Plena Noite;Crescente;Céu Claro;Dupla;Reta;Sim;1;0;1;0;0;0;1;1;-20,23015;-40,27313
224629.0;2019-07-25;quinta-feira;21:50:00;101.0;300;VIANA;Falta de Atenção à Condução;Colisão transversal;Com Vítimas Feridas;Plena Noite;Crescente;Nublado;Múltipla;Interseção de vias;Sim;3;0;1;0;1;1;1;3;-20,36278;-40,44013
224633.0;2019-07-25;quinta-feira;22:10:00;101.0;265,1;SERRA;Ingestão de álcool e/ou substâncias psicoativas pelo pedestre;Tombamento;Com Vítimas Feridas;Plena Noite;Decrescente;Céu Claro;Múltipla;Reta;Sim;1;0;1;0;0;0;1;1;-20,18168;-40,26536
224686.0;2019-07-26;sexta-feira;07:45:00;262.0;1,2;CARIACICA;Falta de Atenção à Condução;Colisão traseira;Com Vítimas Feridas;Pleno dia;Decrescente;Sol;Dupla;Reta;Sim;3;0;1;1;0;1;2;3;-20,33289;-40,35654
224723.0;2019-07-26;sexta-feira;10:30:00;101.0;266,1;SERRA;Falta de Atenção à Condução;Colisão lateral;Sem Vítimas;Pleno dia;Crescente;Sol;Dupla;Reta;Sim;2;0;0;0;2;0;0;2;-20,1902;-40,26829
224766.0;2019-07-26;sexta-feira;16:35:00;101.0;0,5;SERRA;Não guardar distância de segurança;Colisão lateral;Sem Vítimas;Pleno dia;Decrescente;Céu Claro;Dupla;Reta;Sim;2;0;0;0;2;0;0;2;-20,25116;-40,28692
224778.0;2019-07-26;sexta-feira;16:00:00;101.0;2,4;VITORIA;Falta de Atenção à Condução;Tombamento;Com Vítimas Feridas;Pleno dia;Crescente;Céu Claro;Dupla;Reta;Sim;1;0;1;0;0;0;1;1;-20,3154;-40,3018
224798.0;2019-07-26;sexta-feira;18:43:00;101.0;308,1;VIANA;Falta de Atenção do Pedestre;Atropelamento de Pedestre;Com Vítimas Feridas;Plena Noite;Decrescente;Céu Claro;Simples;Reta;Não;2;0;1;0;1;0;1;1;-20,40809;-40,45835
224802.0;2019-07-26;sexta-feira;17:40:00;262.0;2,5;CARIACICA;Falta de Atenção à Condução;Colisão traseira;Com Vítimas Feridas;Anoitecer;Decrescente;Céu Claro;Múltipla;Reta;Não;2;0;1;0;1;0;1;2;-20,33276;-40,36078
224803.0;2019-07-21;domingo;00:30:00;101.0;84;SAO MATEUS;Ingestão de Álcool;Saída de leito carroçável;Sem Vítimas;Plena Noite;Crescente;Chuva;Simples;Reta;Não;1;0;0;0;1;0;0;1;-18,85088;-39,92872
224820.0;2019-07-26;sexta-feira;19:50:00;101.0;256;SERRA;Velocidade Incompatível;Colisão frontal;Com Vítimas Feridas;Plena Noite;Crescente;Céu Claro;Dupla;Reta;Não;2;0;0;1;0;1;1;2;-20,11912;-40,31101
224849.0;2019-07-26;sexta-feira;21:55:00;101.0;143,4;LINHARES;Velocidade Incompatível;Colisão com objeto estático;Com Vítimas Feridas;Plena Noite;Crescente;Céu Claro;Múltipla;Reta;Não;1;0;0;1;0;0;1;1;-19,3469;-40,0633
224855.0;2019-07-26;sexta-feira;21:40:00;259.0;64;COLATINA;Animais na Pista;Atropelamento de Animal;Com Vítimas Feridas;Plena Noite;Crescente;Nublado;Simples;Reta;Não;1;0;1;0;0;0;1;1;-19,52282;-40,70687
224859.0;2019-07-27;sábado;00:15:00;101.0;377,1;ICONHA;Ingestão de Álcool;Colisão transversal;Com Vítimas Feridas;Plena Noite;Crescente;Nublado;Simples;Curva;Sim;3;0;0;2;1;0;2;2;-20,79427;-40,81173
224925.0;2019-07-19;sexta-feira;20:20:00;262.0;36,4;DOMINGOS MARTINS;Desobediência às normas de trânsito pelo condutor;Colisão frontal;Com Vítimas Feridas;Plena Noite;Crescente;Céu Claro;Simples;Curva;Não;4;0;3;1;0;0;4;2;-20,38264;-40,6033
224931.0;2019-07-27;sábado;08:40:00;101.0;242;FUNDAO;Falta de Atenção à Condução;Colisão traseira;Com Vítimas Feridas;Pleno dia;Decrescente;Sol;Dupla;Reta;Não;4;0;2;0;2;0;2;2;-20,03213;-40,39676
224961.0;2019-07-27;sábado;11:15:00;101.0;268,5;SERRA;Desobediência às normas de trânsito pelo condutor;Colisão traseira;Com Vítimas Feridas;Pleno dia;Decrescente;Céu Claro;Dupla;Reta;Sim;2;0;1;0;1;0;1;2;-20,20842;-40,2694
224967.0;2019-07-27;sábado;11:50:00;101.0;30,7;CONCEICAO DA BARRA;Falta de Atenção à Condução;Colisão traseira;Com Vítimas Feridas;Pleno dia;Crescente;Céu Claro;Simples;Reta;Não;4;0;1;0;3;0;1;3;-18,40842;-39,93733
224981.0;2019-07-27;sábado;14:20:00;262.0;6,5;CARIACICA;Desobediência às normas de trânsito pelo condutor;Colisão transversal;Sem Vítimas;Pleno dia;Crescente;Sol;Múltipla;Interseção de vias;Sim;2;0;0;0;2;0;0;2;-20,34007;-40,39451
225007.0;2019-07-27;sábado;16:40:00;101.0;385,8;RIO NOVO DO SUL;Velocidade Incompatível;Saída de leito carroçável;Com Vítimas Feridas;Pleno dia;Decrescente;Nublado;Simples;Curva;Não;1;0;1;0;0;0;1;1;-20,83676;-40,8679
225030.0;2019-07-27;sábado;18:50:00;101.0;268,9;SERRA;Falta de Atenção à Condução;Colisão transversal;Com Vítimas Feridas;Plena Noite;Decrescente;Céu Claro;Simples;Interseção de vias;Sim;2;0;1;0;1;0;1;2;-20,20842;-40,2694
225031.0;2019-07-27;sábado;19:00:00;101.0;32;CONCEICAO DA BARRA;Falta de Atenção à Condução;Colisão lateral;Com Vítimas Feridas;Plena Noite;Crescente;Ignorado;Simples;Reta;Não;2;0;1;0;1;0;1;2;-18,4255;-39,93487
225038.0;2019-07-27;sábado;19:05:00;482.0;81,7;ALEGRE;Mal Súbito;Colisão com objeto estático;Sem Vítimas;Plena Noite;Crescente;Céu Claro;Simples;Não Informado;Sim;1;0;0;0;1;0;0;1;-20,76087;-41,51588
225043.0;2019-07-27;sábado;19:40:00;101.0;93;JAGUARE;Restrição de Visibilidade;Atropelamento de Pedestre;Com Vítimas Feridas;Plena Noite;Crescente;Ignorado;Simples;Reta;Não;2;0;0;2;0;0;2;1;-18,92267;-39,96785
225079.0;2019-07-27;sábado;22:50:00;101.0;151,6;LINHARES;Não guardar distância de segurança;Colisão traseira;Sem Vítimas;Plena Noite;Crescente;Céu Claro;Simples;Curva;Não;2;0;0;0;2;0;0;2;-19,41157;-40,06592
225107.0;2019-07-28;domingo;01:40:00;101.0;135;LINHARES;Ultrapassagem Indevida;Colisão lateral;Com Vítimas Feridas;Plena Noite;Crescente;Nublado;Simples;Reta;Não;3;0;0;2;0;1;2;2;-19,27504;-40,08788
225129.0;2019-07-28;domingo;05:50:00;101.0;285;CARIACICA;Condutor Dormindo;Colisão com objeto estático;Com Vítimas Feridas;Amanhecer;Crescente;Céu Claro;Múltipla;Não Informado;Não;1;0;1;0;0;0;1;1;-20,25148;-40,3727
225177.0;2019-07-28;domingo;12:00:00;262.0;64;MARECHAL FLORIANO;Ingestão de Álcool;Colisão frontal;Com Vítimas Feridas;Pleno dia;Crescente;Céu Claro;Simples;Reta;Não;2;0;0;1;0;1;1;2;-20,41797;-40,81618
225183.0;2019-07-12;sexta-feira;17:55:00;101.0;141;LINHARES;Falta de Atenção à Condução;Colisão transversal;Com Vítimas Feridas;Plena Noite;Crescente;Céu Claro;Simples;Retorno Regulamentado;Sim;3;0;1;0;2;0;1;2;-19,32656;-40,07192
225201.0;2019-07-28;domingo;15:25:00;101.0;264;SERRA;Ingestão de Álcool;Colisão traseira;Sem Vítimas;Pleno dia;Crescente;Céu Claro;Dupla;Reta;Sim;2;0;0;0;2;0;0;2;-20,17293;-40,26736
225231.0;2019-07-28;domingo;16:30:00;101.0;268,5;SERRA;Falta de Atenção à Condução;Colisão lateral;Com Vítimas Feridas;Pleno dia;Crescente;Céu Claro;Dupla;Reta;Sim;3;0;1;0;2;0;1;2;-20,20842;-40,2694
225239.0;2019-07-28;domingo;18:00:00;101.0;144;LINHARES;Falta de Atenção à Condução;Tombamento;Com Vítimas Feridas;Plena Noite;Decrescente;Céu Claro;Simples;Reta;Sim;1;0;1;0;0;0;1;1;-19,35188;-40,06367
225248.0;2019-07-28;domingo;18:38:00;101.0;138,5;LINHARES;Desobediência às normas de trânsito pelo condutor;Colisão transversal;Com Vítimas Feridas;Plena Noite;Crescente;Céu Claro;Simples;Retorno Regulamentado;Sim;3;0;3;0;0;0;3;2;-19,30186;-40,08372
225250.0;2019-07-28;domingo;18:30:00;101.0;146,7;LINHARES;Não guardar distância de segurança;Colisão traseira;Com Vítimas Feridas;Plena Noite;Decrescente;Céu Claro;Simples;Reta;Sim;3;0;2;0;1;0;2;1;-19,36991;-40,06561
225254.0;2019-07-28;domingo;18:50:00;262.0;137;MUNIZ FREIRE;Condutor Dormindo;Capotamento;Com Vítimas Feridas;Plena Noite;Crescente;Céu Claro;Simples;Reta;Não;1;0;0;1;0;0;1;1;-20,23526;-41,34328
225256.0;2019-07-28;domingo;17:50:00;101.0;212,5;IBIRACU;Falta de Atenção à Condução;Colisão transversal;Com Vítimas Feridas;Anoitecer;Crescente;Nublado;Simples;Reta;Sim;2;0;1;0;1;0;1;2;-19,81538;-40,36656
225264.0;2019-07-28;domingo;19:30:00;101.0;292,8;CARIACICA;Falta de Atenção à Condução;Colisão com objeto estático;Com Vítimas Feridas;Plena Noite;Decrescente;Nublado;Múltipla;Reta;Sim;1;0;1;0;0;0;1;1;-20,30651;-40,39489
225265.0;2019-07-28;domingo;19:00:00;259.0;57,7;COLATINA;Deficiência ou não Acionamento do Sistema de Iluminação/Sinalização do Veículo;Colisão transversal;Com Vítimas Feridas;Plena Noite;Decrescente;Nublado;Simples;Interseção de vias;Sim;4;0;1;1;1;1;2;2;-19,50866;-40,65581
225273.0;2019-07-28;domingo;19:45:00;101.0;371;ANCHIETA;Falta de Atenção à Condução;Tombamento;Com Vítimas Feridas;Plena Noite;Decrescente;Céu Claro;Simples;Curva;Sim;2;0;1;0;1;0;1;1;-20,77036;-40,76847
225281.0;2019-07-28;domingo;20:00:00;101.0;161;LINHARES;Restrição de Visibilidade;Colisão lateral;Com Vítimas Feridas;Plena Noite;Decrescente;Céu Claro;Simples;Reta;Não;2;0;1;0;1;0;1;2;-19,48359;-40,11978
225321.0;2019-07-28;domingo;22:20:00;262.0;101;VENDA NOVA DO IMIGRANTE;Condutor Dormindo;Colisão frontal;Com Vítimas Feridas;Plena Noite;Crescente;Céu Claro;Simples;Não Informado;Não;4;0;1;3;0;0;4;2;-20,34357;-41,10951
225363.0;2019-07-29;segunda-feira;07:40:00;262.0;0;CARIACICA;Desobediência às normas de trânsito pelo condutor;Colisão lateral;Com Vítimas Feridas;Pleno dia;Decrescente;Chuva;Dupla;Ponte;Não;4;0;1;0;3;0;1;3;-20,32079;-40,35332
225382.0;2019-07-29;segunda-feira;09:00:00;101.0;293;CARIACICA;Desobediência às normas de trânsito pelo condutor;Colisão transversal;Com Vítimas Feridas;Pleno dia;Decrescente;Garoa/Chuvisco;Múltipla;Interseção de vias;Sim;3;0;2;0;1;0;2;2;-20,31526;-40,39567
225406.0;2019-07-29;segunda-feira;10:40:00;101.0;191,2;ARACRUZ;Pista Escorregadia;Saída de leito carroçável;Com Vítimas Feridas;Pleno dia;Decrescente;Chuva;Simples;Reta;Não;1;0;1;0;0;0;1;1;-19,68909;-40,28696