id;data_inversa;dia_semana;horario;br;km;municipio;causa_acidente;tipo_acidente;classificacao_acidente;fase_dia;sentido_via;condicao_metereologica;tipo_pista;tracado_via;uso_solo;pessoas;mortos;feridos_leves;feridos_graves;ilesos;ignorados;feridos;veiculos;latitude;longitude
225502.0;2019-07-29;segunda-feira;16:30:00;101.0;264,3;SERRA;Desobediência às normas de trânsito pelo condutor;Colisão transversal;Com Vítimas Feridas;Pleno dia;Crescente;Nublado;Múltipla;Interseção de vias;Sim;2;0;0;1;1;0;1;2;-20,17293;-40,26736
225505.0;2019-07-29;segunda-feira;18:00:00;482.0;113,4;GUACUI;Velocidade Incompatível;Colisão traseira;Com Vítimas Feridas;Plena Noite;Decrescente;Garoa/Chuvisco;Simples;Reta;Não;2;0;1;0;0;1;1;2;-20,80855;-41,71732
225519.0;2019-07-29;segunda-feira;19:30:00;101.0;146;LINHARES;Falta de Atenção à Condução;Colisão lateral;Com Vítimas Feridas;Plena Noite;Crescente;Céu Claro;Múltipla;Retorno Regulamentado;Sim;2;0;1;0;1;0;1;2;-19,36991;-40,06561
225521.0;2019-07-25;quinta-feira;21:10:00;259.0;59;COLATINA;Ingestão de Álcool;Colisão traseira;Sem Vítimas;Plena Noite;Crescente;Céu Claro;Simples;Interseção de vias;Não;3;0;0;0;3;0;0;2;-19,52125;-40,66594
225566.0;2019-07-30;terça-feira;07:59:00;101.0;268;SERRA;Desobediência às normas de trânsito pelo condutor;Colisão transversal;Com Vítimas Feridas;Pleno dia;Crescente;Sol;Múltipla;Reta;Sim;2;0;1;0;1;0;1;2;-20,20842;-40,2694
225585.0;2019-07-30;terça-feira;07:10:00;101.0;211,1;JOAO NEIVA;Desobediência às normas de trânsito pelo condutor;Colisão traseira;Sem Vítimas;Pleno dia;Crescente;Sol;Dupla;Desvio Temporário;Não;3;0;0;0;2;1;0;3;-19,80701;-40,36767
225586.0;2019-07-14;domingo;21:25:00;101.0;429,7;ATILIO VIVACQUA;Ingestão de Álcool;Colisão lateral;Com Vítimas Feridas;Plena Noite;Crescente;Céu Claro;Simples;Curva;Não;5;0;1;0;4;0;1;2;-21,02566;-41,15891
225599.0;2019-07-30;terça-feira;11:20:00;101.0;298,8;VIANA;Velocidade Incompatível;Atropelamento de Pedestre;Com Vítimas Feridas;Pleno dia;Decrescente;Céu Claro;Dupla;Curva;Sim;2;0;1;0;0;1;1;1;-20,35374;-40,41564
225649.0;2019-07-15;segunda-feira;03:30:00;101.0;154,5;LINHARES;Ingestão de Substâncias Psicoativas;Saída de leito carroçável;Sem Vítimas;Plena Noite;Crescente;Céu Claro;Simples;Reta;Não;1;0;0;0;1;0;0;1;-19,43088;-40,08394
225669.0;2019-07-06;sábado;18:00:00;101.0;66,2;SAO MATEUS;Falta de Atenção à Condução;Colisão transversal;Com Vítimas Feridas;Anoitecer;Decrescente;Nublado;Múltipla;Reta;Sim;2;0;2;0;0;0;2;2;-18,71652;-39,87436
225672.0;2019-07-30;terça-feira;21:00:00;101.0;358,2;ANCHIETA;Não guardar distância de segurança;Colisão lateral;Com Vítimas Feridas;Plena Noite;Crescente;Céu Claro;Dupla;Reta;Não;2;0;1;0;1;0;1;2;-20,69172;-40,70425
225795.0;2019-07-04;quinta-feira;10:10:00;101.0;316;VILA VELHA;Falta de Atenção à Condução;Colisão traseira;Com Vítimas Feridas;Pleno dia;Decrescente;Céu Claro;Simples;Curva;Não;7;0;2;0;5;0;2;6;-20,47804;-40,47131
225819.0;2019-07-31;quarta-feira;17:40:00;101.0;266,8;SERRA;Desobediência às normas de trânsito pelo condutor;Colisão transversal;Com Vítimas Feridas;Anoitecer;Crescente;Nublado;Dupla;Interseção de vias;Sim;2;0;0;1;1;0;1;2;-20,1902;-40,26829
225830.0;2019-07-31;quarta-feira;18:30:00;262.0;152;IBATIBA;Desobediência às normas de trânsito pelo condutor;Colisão lateral;Com Vítimas Feridas;Plena Noite;Decrescente;Nublado;Simples;Curva;Não;2;0;0;1;1;0;1;2;-20,21979;-41,45006
225847.0;2019-07-31;quarta-feira;19:45:00;101.0;289;CARIACICA;Falta de Atenção do Pedestre;Atropelamento de Pedestre;Com Vítimas Feridas;Plena Noite;Decrescente;Céu Claro;Dupla;Reta;Sim;2;0;2;0;0;0;2;1;-20,28029;-40,39303
225869.0;2019-07-31;quarta-feira;23:00:00;101.0;287,3;CARIACICA;Falta de Atenção à Condução;Colisão traseira;Com Vítimas Feridas;Plena Noite;Decrescente;Céu Claro;Dupla;Reta;Sim;1;0;1;0;0;0;1;1;-20,26494;-40,38472
225871.0;2019-07-31;quarta-feira;23:25:00;262.0;151;IBATIBA;Velocidade Incompatível;Tombamento;Com Vítimas Fatais;Plena Noite;Crescente;Céu Claro;Simples;Não Informado;Não;1;1;0;0;0;0;0;1;-20,21488;-41,44926
225877.0;2019-08-01;quinta-feira;01:00:00;101.0;435,9;PRESIDENTE KENNEDY;Condutor Dormindo;Saída de leito carroçável;Com Vítimas Feridas;Plena Noite;Decrescente;Céu Claro;Simples;Reta;Não;1;0;0;1;0;0;1;1;-21,05501;-41,19609
225892.0;2019-08-01;quinta-feira;06:50:00;101.0;296,9;CARIACICA;Falta de Atenção à Condução;Colisão traseira;Com Vítimas Feridas;Pleno dia;Crescente;Céu Claro;Dupla;Reta;Não;2;0;1;0;1;0;1;2;-20,34351;-40,40724
225908.0;2019-08-01;quinta-feira;09:00:00;101.0;256,9;SERRA;Falta de Atenção à Condução;Atropelamento de Pedestre;Com Vítimas Feridas;Pleno dia;Crescente;Céu Claro;Múltipla;Reta;Sim;2;0;0;1;1;0;1;1;-20,11912;-40,31101
225935.0;2019-08-01;quinta-feira;09:00:00;262.0;170,9;IBATIBA;Velocidade Incompatível;Tombamento;Com Vítimas Feridas;Pleno dia;Crescente;Céu Claro;Simples;Curva;Não;1;0;0;1;0;0;1;1;-20,26475;-41,58454
225986.0;2019-08-01;quinta-feira;17:00:00;101.0;148;LINHARES;Falta de Atenção à Condução;Colisão transversal;Com Vítimas Feridas;Pleno dia;Crescente;Céu Claro;Simples;Reta;Não;2;0;1;0;1;0;1;2;-19,38787;-40,06753
226018.0;2019-08-01;quinta-feira;19:58:00;101.0;262,2;SERRA;Ingestão de Álcool;Colisão traseira;Sem Vítimas;Plena Noite;Decrescente;Céu Claro;Dupla;Reta;Sim;2;0;0;0;2;0;0;2;-20,15723;-40,27678
226030.0;2019-08-01;quinta-feira;20:50:00;101.0;357,9;ANCHIETA;Condutor Dormindo;Capotamento;Com Vítimas Feridas;Plena Noite;Decrescente;Céu Claro;Simples;Desvio Temporário;Não;1;0;0;1;0;0;1;1;-20,6894;-40,69516
226093.0;2019-08-02;sexta-feira;06:50:00;101.0;146,5;LINHARES;Desobediência às normas de trânsito pelo condutor;Colisão lateral;Com Vítimas Feridas;Pleno dia;Crescente;Céu Claro;Múltipla;Reta;Sim;2;0;1;0;0;1;1;2;-19,36991;-40,06561
226096.0;2019-08-02;sexta-feira;07:10:00;101.0;295,5;CARIACICA;Desobediência às normas de trânsito pelo condutor;Colisão lateral;Com Vítimas Feridas;Pleno dia;Crescente;Céu Claro;Dupla;Reta;Sim;3;0;1;0;2;0;1;2;-20,33224;-40,40005
226098.0;2019-08-02;sexta-feira;07:20:00;262.0;3;CARIACICA;Defeito na Via;Colisão lateral;Com Vítimas Feridas;Pleno dia;Decrescente;Céu Claro;Dupla;Desvio Temporário;Sim;2;0;1;0;1;0;1;1;-20,33374;-40,36911
226115.0;2019-08-02;sexta-feira;07:40:00;101.0;2,3;VITORIA;Não guardar distância de segurança;Colisão traseira;Com Vítimas Feridas;Pleno dia;Crescente;Céu Claro;Dupla;Reta;Sim;3;0;1;0;2;0;1;3;-20,25352;-40,28844
226133.0;2019-08-02;sexta-feira;10:00:00;101.0;290;CARIACICA;Falta de Atenção à Condução;Queda de ocupante de veículo;Com Vítimas Feridas;Pleno dia;Crescente;Céu Claro;Dupla;Reta;Não;1;0;1;0;0;0;1;1;-20,28928;-40,39182
226142.0;2019-08-02;sexta-feira;10:55:00;101.0;294;CARIACICA;Falta de Atenção à Condução;Colisão lateral;Com Vítimas Feridas;Pleno dia;Decrescente;Céu Claro;Dupla;Reta;Sim;3;0;1;1;1;0;2;2;-20,32416;-40,39529
226158.0;2019-08-02;sexta-feira;13:00:00;262.0;4;CARIACICA;Desobediência às normas de trânsito pelo condutor;Queda de ocupante de veículo;Com Vítimas Feridas;Pleno dia;Crescente;Céu Claro;Múltipla;Reta;Sim;3;0;1;0;1;1;1;2;-20,33609;-40,37813
226161.0;2019-08-02;sexta-feira;13:20:00;101.0;334,8;GUARAPARI;Falta de Atenção à Condução;Colisão transversal;Com Vítimas Fatais;Pleno dia;Decrescente;Céu Claro;Dupla;Retorno Regulamentado;Sim;3;1;1;0;1;0;1;2;-20,62382;-40,52365
226164.0;2019-05-17;sexta-feira;11:10:00;101.0;146,9;LINHARES;Falta de Atenção à Condução;Colisão lateral;Com Vítimas Feridas;Pleno dia;Decrescente;Nublado;Múltipla;Reta;Sim;2;0;1;0;1;0;1;2;-19,36991;-40,06561
226172.0;2019-06-15;sábado;06:50:00;262.0;1,3;CARIACICA;Falta de Atenção à Condução;Colisão lateral;Com Vítimas Feridas;Pleno dia;Crescente;Céu Claro;Dupla;Reta;Sim;2;0;1;0;1;0;1;2;-20,33285;-40,358
226187.0;2019-08-02;sexta-feira;15:00:00;259.0;4,4;JOAO NEIVA;Ultrapassagem Indevida;Saída de leito carroçável;Com Vítimas Feridas;Pleno dia;Decrescente;Céu Claro;Simples;Reta;Não;1;0;1;0;0;0;1;1;-19,71303;-40,37763
226201.0;2019-08-02;sexta-feira;17:45:00;101.0;146,1;LINHARES;Falta de Atenção à Condução;Queda de ocupante de veículo;Com Vítimas Feridas;Anoitecer;Crescente;Nublado;Múltipla;Reta;Sim;1;0;0;1;0;0;1;1;-19,36991;-40,06561
226224.0;2019-08-02;sexta-feira;19:00:00;101.0;146,7;LINHARES;Defeito Mecânico no Veículo;Colisão traseira;Com Vítimas Feridas;Plena Noite;Decrescente;Céu Claro;Múltipla;Reta;Sim;2;0;1;0;1;0;1;2;-19,3694;-40,06535
226263.0;2019-08-02;sexta-feira;23:05:00;262.0;48;MARECHAL FLORIANO;Falta de Atenção à Condução;Queda de ocupante de veículo;Com Vítimas Feridas;Pleno dia;Crescente;Chuva;Simples;Reta;Não;1;0;1;0;0;0;1;1;-20,41192;-40,68856
226310.0;2019-08-03;sábado;04:50:00;101.0;355,3;ANCHIETA;Ingestão de Álcool;Colisão frontal;Sem Vítimas;Plena Noite;Crescente;Céu Claro;Simples;Reta;Não;2;0;0;0;0;2;0;2;-20,68854;-40,67979
226363.0;2019-08-03;sábado;11:30:00;259.0;59;COLATINA;Ingestão de Álcool;Colisão traseira;Com Vítimas Feridas;Pleno dia;Crescente;Céu Claro;Simples;Não Informado;Sim;2;0;0;1;0;1;1;2;-19,52523;-40,6744
226434.0;2019-08-03;sábado;17:30:00;101.0;282,3;CARIACICA;Defeito Mecânico no Veículo;Tombamento;Com Vítimas Feridas;Anoitecer;Decrescente;Céu Claro;Dupla;Reta;Não;2;0;2;0;0;0;2;1;-20,22694;-40,36458
226467.0;2019-08-03;sábado;18:10:00;262.0;159,2;IBATIBA;Ingestão de Álcool;Colisão traseira;Sem Vítimas;Plena Noite;Decrescente;Céu Claro;Múltipla;Interseção de vias;Sim;2;0;0;0;2;0;0;2;-20,23452;-41,50626
226488.0;2019-08-03;sábado;17:00:00;101.0;46,9;SAO MATEUS;Avarias e/ou desgaste excessivo no pneu;Queda de ocupante de veículo;Com Vítimas Feridas;Anoitecer;Decrescente;Céu Claro;Simples;Reta;Não;2;0;2;0;0;0;2;1;-18,55144;-39,90284
226496.0;2019-08-03;sábado;22:15:00;101.0;66,6;SAO MATEUS;Falta de Atenção à Condução;Colisão transversal;Com Vítimas Feridas;Plena Noite;Crescente;Ignorado;Dupla;Reta;Sim;3;0;0;1;1;1;1;2;-18,71652;-39,87436
226497.0;2019-08-03;sábado;21:50:00;101.0;144;LINHARES;Ingestão de Álcool;Colisão traseira;Com Vítimas Feridas;Plena Noite;Decrescente;Céu Claro;Dupla;Interseção de vias;Sim;2;0;1;0;1;0;1;2;-19,35188;-40,06367
226528.0;2019-08-04;domingo;00:25:00;101.0;271;SERRA;Falta de Atenção à Condução;Colisão lateral;Sem Vítimas;Plena Noite;Crescente;Céu Claro;Múltipla;Reta;Sim;2;0;0;0;0;2;0;2;-20,23267;-40,27658
226534.0;2019-08-04;domingo;01:35:00;262.0;184,3;IUNA;Desobediência às normas de trânsito pelo condutor;Colisão lateral;Com Vítimas Feridas;Plena Noite;Crescente;Nublado;Simples;Curva;Não;2;0;0;1;1;0;1;2;-20,29552;-41,70588
226541.0;2019-08-04;domingo;02:50:00;101.0;162;LINHARES;Desobediência às normas de trânsito pelo condutor;Colisão transversal;Com Vítimas Feridas;Plena Noite;Crescente;Céu Claro;Simples;Reta;Sim;3;0;0;2;1;0;2;2;-19,49015;-40,12624
226585.0;2019-08-04;domingo;09:40:00;482.0;107;GUACUI;Pista Escorregadia;Queda de ocupante de veículo;Com Vítimas Feridas;Pleno dia;Crescente;Chuva;Simples;Reta;Não;1;0;1;0;0;0;1;1;-20,78384;-41,66073
226601.0;2019-08-04;domingo;12:20:00;101.0;324,5;GUARAPARI;Defeito na Via;Queda de ocupante de veículo;Com Vítimas Feridas;Pleno dia;Crescente;Chuva;Simples;Reta;Não;1;0;1;0;0;0;1;1;-20,54592;-40,48156
226656.0;2019-08-04;domingo;17:00:00;262.0;47;MARECHAL FLORIANO;Desobediência às normas de trânsito pelo condutor;Colisão transversal;Com Vítimas Feridas;Anoitecer;Crescente;Chuva;Simples;Reta;Não;3;0;1;0;0;2;1;2;-20,4113;-40,67927
226771.0;2019-08-05;segunda-feira;01:45:00;262.0;37,9;DOMINGOS MARTINS;Velocidade Incompatível;Capotamento;Com Vítimas Feridas;Plena Noite;Crescente;Garoa/Chuvisco;Simples;Reta;Não;2;0;2;0;0;0;2;1;-20,38128;-40,61151
226780.0;2019-08-05;segunda-feira;05:25:00;262.0;5,5;CARIACICA;Desobediência às normas de trânsito pelo condutor;Colisão transversal;Com Vítimas Feridas;Amanhecer;Crescente;Chuva;Múltipla;Reta;Sim;3;0;1;0;2;0;1;2;-20,33707;-40,3865
226804.0;2019-08-05;segunda-feira;08:15:00;101.0;99,3;JAGUARE;Velocidade Incompatível;Saída de leito carroçável;Com Vítimas Fatais;Pleno dia;Decrescente;Nublado;Simples;Reta;Não;2;1;0;1;0;0;1;1;-18,97189;-39,99152
226811.0;2019-08-05;segunda-feira;08:47:00;262.0;39,9;DOMINGOS MARTINS;Pista Escorregadia;Colisão frontal;Com Vítimas Feridas;Pleno dia;Crescente;Chuva;Simples;Curva;Não;5;0;4;1;0;0;5;2;-20,38027;-40,63001
226820.0;2019-03-19;terça-feira;06:50:00;101.0;1,2;SERRA;Não guardar distância de segurança;Colisão lateral;Com Vítimas Feridas;Pleno dia;Crescente;Céu Claro;Dupla;Reta;Sim;4;0;3;0;1;0;3;3;-20,24549;-40,28326
226822.0;2019-08-05;segunda-feira;09:50:00;101.0;2,5;VITORIA;Desobediência às normas de trânsito pelo condutor;Colisão lateral;Com Vítimas Feridas;Pleno dia;Crescente;Garoa/Chuvisco;Dupla;Reta;Sim;2;0;1;0;1;0;1;2;-20,3154;-40,3018
226823.0;2019-08-05;segunda-feira;10:40:00;262.0;39;DOMINGOS MARTINS;Falta de Atenção à Condução;Engavetamento;Com Vítimas Feridas;Pleno dia;Crescente;Chuva;Simples;Reta;Não;5;0;1;0;4;0;1;5;-20,38055;-40,62933
226846.0;2019-08-05;segunda-feira;13:15:00;101.0;296;CARIACICA;Falta de Atenção à Condução;Colisão transversal;Com Vítimas Feridas;Pleno dia;Crescente;Nublado;Múltipla;Reta;Sim;4;0;0;1;2;1;1;2;-20,3403;-40,40406
226873.0;2019-08-05;segunda-feira;15:54:00;101.0;268,6;SERRA;Falta de Atenção à Condução;Colisão traseira;Com Vítimas Feridas;Pleno dia;Decrescente;Garoa/Chuvisco;Múltipla;Interseção de vias;Sim;4;0;2;0;2;0;2;3;-20,21362;-40,26959
226906.0;2019-08-05;segunda-feira;18:05:00;262.0;57,8;MARECHAL FLORIANO;Falta de Atenção à Condução;Colisão lateral;Sem Vítimas;Plena Noite;Crescente;Chuva;Simples;Interseção de vias;Não;2;0;0;0;2;0;0;2;-20,41326;-40,75928
226910.0;2019-08-05;segunda-feira;17:40:00;101.0;267,2;SERRA;Defeito Mecânico no Veículo;Colisão traseira;Com Vítimas Feridas;Anoitecer;Decrescente;Garoa/Chuvisco;Dupla;Interseção de vias;Sim;2;0;1;0;1;0;1;2;-20,19931;-40,26885
226917.0;2019-08-05;segunda-feira;18:15:00;101.0;345,6;GUARAPARI;Falta de Atenção à Condução;Engavetamento;Com Vítimas Feridas;Plena Noite;Decrescente;Garoa/Chuvisco;Simples;Reta;Sim;4;0;2;0;2;0;2;3;-20,66063;-40,60867
227041.0;2019-08-06;terça-feira;12:30:00;101.0;294;CARIACICA;Defeito Mecânico no Veículo;Incêndio;Sem Vítimas;Pleno dia;Crescente;Chuva;Simples;Reta;Sim;1;0;0;0;1;0;0;1;-20,32416;-40,39529
227052.0;2019-08-02;sexta-feira;20:47:00;101.0;319;GUARAPARI;Ingestão de Álcool;Capotamento;Com Vítimas Feridas;Plena Noite;Crescente;Nublado;Simples;Reta;Não;1;0;1;0;0;0;1;1;-20,50358;-40,47484
227080.0;2019-08-06;terça-feira;18:00:00;101.0;181,7;ARACRUZ;Ultrapassagem Indevida;Colisão frontal;Com Vítimas Feridas;Plena Noite;Crescente;Chuva;Simples;Reta;Não;2;0;0;2;0;0;2;2;-19,63125;-40,22615
227091.0;2019-08-06;terça-feira;18:00:00;101.0;117,9;SOORETAMA;Restrição de Visibilidade;Colisão traseira;Com Vítimas Feridas;Plena Noite;Crescente;Chuva;Simples;Reta;Não;2;0;0;1;1;0;1;2;-19,11933;-40,06303
227099.0;2019-08-06;terça-feira;19:30:00;101.0;146,7;LINHARES;Falta de Atenção à Condução;Atropelamento de Pedestre;Com Vítimas Feridas;Plena Noite;Crescente;Chuva;Simples;Reta;Não;2;0;0;2;0;0;2;1;-19,36991;-40,06561
227104.0;2019-07-14;domingo;14:00:00;262.0;155,7;IBATIBA;Falta de Atenção à Condução;Colisão lateral;Com Vítimas Feridas;Pleno dia;Decrescente;Sol;Simples;Reta;Não;3;0;2;0;1;0;2;2;-20,22652;-41,47056
227105.0;2019-08-06;terça-feira;18:00:00;101.0;149,4;LINHARES;Não guardar distância de segurança;Queda de ocupante de veículo;Com Vítimas Feridas;Plena Noite;Decrescente;Chuva;Múltipla;Reta;Sim;1;0;1;0;0;0;1;1;-19,39619;-40,06436
227146.0;2019-08-07;quarta-feira;07:00:00;262.0;1,3;CARIACICA;Desobediência às normas de trânsito pelo condutor;Colisão transversal;Com Vítimas Feridas;Pleno dia;Crescente;Chuva;Dupla;Reta;Sim;2;0;0;1;1;0;1;2;-20,32955;-40,35493
227152.0;2019-08-07;quarta-feira;06:40:00;101.0;143,8;LINHARES;Não guardar distância de segurança;Colisão traseira;Com Vítimas Feridas;Amanhecer;Decrescente;Nublado;Múltipla;Reta;Sim;2;0;0;2;0;0;2;2;-19,34287;-40,06386
227176.0;2019-08-07;quarta-feira;08:46:00;101.0;264,7;SERRA;Desobediência às normas de trânsito pelo condutor;Colisão lateral;Com Vítimas Feridas;Pleno dia;Crescente;Nublado;Múltipla;Não Informado;Sim;2;0;1;0;1;0;1;2;-20,1786;-40,26562
227178.0;2019-08-07;quarta-feira;08:30:00;101.0;229,4;FUNDAO;Mal Súbito;Colisão com objeto estático;Com Vítimas Feridas;Pleno dia;Decrescente;Nublado;Dupla;Reta;Sim;3;0;2;0;1;0;2;2;-19,92728;-40,40587
227182.0;2019-08-07;quarta-feira;08:30:00;262.0;1,3;CARIACICA;Falta de Atenção à Condução;Colisão lateral;Com Vítimas Feridas;Pleno dia;Decrescente;Chuva;Dupla;Reta;Sim;2;0;0;1;1;0;1;2;-20,32955;-40,35493
227187.0;2019-08-07;quarta-feira;08:40:00;259.0;6,3;JOAO NEIVA;Velocidade Incompatível;Colisão com objeto estático;Com Vítimas Feridas;Pleno dia;Crescente;Chuva;Simples;Ponte;Não;2;0;1;0;1;0;1;2;-19,68871;-40,38869
227208.0;2019-08-07;quarta-feira;12:25:00;262.0;41;DOMINGOS MARTINS;Pista Escorregadia;Capotamento;Com Vítimas Feridas;Pleno dia;Crescente;Chuva;Simples;Curva;Não;3;0;0;1;2;0;1;1;-20,38521;-40,64486
227219.0;2019-08-07;quarta-feira;10:50:00;482.0;17,2;CACHOEIRO DE ITAPEMIRIM;Falta de Atenção à Condução;Colisão traseira;Com Vítimas Feridas;Pleno dia;Decrescente;Nublado;Simples;Reta;Não;2;0;1;0;1;0;1;2;-20,8387;-41,08417
227221.0;2019-05-25;sábado;07:28:00;101.0;298,6;VIANA;Desobediência às normas de trânsito pelo condutor;Colisão transversal;Com Vítimas Feridas;Pleno dia;Decrescente;Céu Claro;Dupla;Reta;Sim;2;0;0;1;1;0;1;2;-20,35725;-40,41898
227251.0;2019-08-07;quarta-feira;16:00:00;101.0;268;SERRA;Falta de Atenção à Condução;Colisão transversal;Com Vítimas Feridas;Pleno dia;Crescente;Nublado;Múltipla;Reta;Sim;2;0;1;0;1;0;1;2;-20,20842;-40,2694
227258.0;2019-08-07;quarta-feira;15:45:00;101.0;252,9;SERRA;Falta de Atenção à Condução;Colisão transversal;Com Vítimas Feridas;Pleno dia;Crescente;Nublado;Simples;Reta;Não;2;0;1;0;1;0;1;2;-20,10485;-40,33262
227274.0;2019-08-07;quarta-feira;18:20:00;262.0;194,8;IUNA;Deficiência ou não Acionamento do Sistema de Iluminação/Sinalização do Veículo;Colisão traseira;Com Vítimas Feridas;Plena Noite;Decrescente;Nublado;Simples;Não Informado;Não;2;0;0;1;1;0;1;2;-20,28545;-41,76942
227275.0;2019-08-07;quarta-feira;18:40:00;262.0;6,3;CARIACICA;Falta de Atenção à Condução;Colisão transversal;Com Vítimas Feridas;Anoitecer;Decrescente;Chuva;Simples;Reta;Sim;5;0;3;0;2;0;3;2;-20,34007;-40,39451
227282.0;2019-07-06;sábado;14:00:00;101.0;65,9;SAO MATEUS;Falta de Atenção à Condução;Colisão lateral;Com Vítimas Feridas;Pleno dia;Decrescente;Nublado;Múltipla;Reta;Sim;2;0;0;1;1;0;1;2;-18,70936;-39,87762
227289.0;2019-08-07;quarta-feira;18:00:00;101.0;285;CARIACICA;Não guardar distância de segurança;Colisão lateral;Com Vítimas Feridas;Plena Noite;Crescente;Chuva;Dupla;Reta;Sim;3;0;0;2;0;1;2;2;-20,25148;-40,3727
227315.0;2019-08-08;quinta-feira;00:40:00;101.0;125;SOORETAMA;Condutor Dormindo;Colisão traseira;Com Vítimas Feridas;Plena Noite;Decrescente;Ignorado;Simples;Reta;Sim;2;0;1;0;1;0;1;2;-19,18496;-40,0943
227320.0;2019-08-08;quinta-feira;00:40:00;101.0;270,4;SERRA;Desobediência às normas de trânsito pelo condutor;Colisão transversal;Com Vítimas Feridas;Plena Noite;Decrescente;Nublado;Múltipla;Não Informado;Sim;4;0;1;1;1;1;2;2;-20,23116;-40,27357
227371.0;2019-08-08;quinta-feira;08:32:00;101.0;154;LINHARES;Falta de Atenção à Condução;Queda de ocupante de veículo;Com Vítimas Feridas;Pleno dia;Crescente;Sol;Simples;Reta;Não;1;0;1;0;0;0;1;1;-19,43088;-40,08394
227389.0;2019-08-08;quinta-feira;10:30:00;101.0;274,5;SERRA;Falta de Atenção à Condução;Saída de leito carroçável;Com Vítimas Feridas;Pleno dia;Crescente;Sol;Dupla;Curva;Não;1;0;1;0;0;0;1;1;-20,20937;-40,29819
227390.0;2019-08-08;quinta-feira;10:40:00;101.0;147;LINHARES;Falta de Atenção do Pedestre;Atropelamento de Pedestre;Com Vítimas Feridas;Pleno dia;Decrescente;Céu Claro;Simples;Reta;Sim;3;0;0;1;1;1;1;1;-19,37887;-40,06658
227406.0;2019-08-08;quinta-feira;12:00:00;101.0;181,8;LINHARES;Falta de Atenção à Condução;Engavetamento;Com Vítimas Feridas;Pleno dia;Crescente;Céu Claro;Simples;Reta;Não;6;0;1;0;5;0;1;3;-19,63125;-40,22615
227425.0;2019-08-08;quinta-feira;14:00:00;101.0;307;VIANA;Falta de Atenção à Condução;Colisão transversal;Com Vítimas Feridas;Pleno dia;Crescente;Céu Claro;Simples;Reta;Não;4;0;2;0;2;0;2;3;-20,39979;-40,45605
227470.0;2019-07-15;segunda-feira;12:10:00;262.0;62;MARECHAL FLORIANO;Falta de Atenção à Condução;Colisão traseira;Com Vítimas Feridas;Pleno dia;Decrescente;Céu Claro;Simples;Reta;Não;4;0;1;0;1;2;1;3;-20,4263;-40,79613
227475.0;2019-08-08;quinta-feira;17:30:00;101.0;271;SERRA;Desobediência às normas de trânsito pelo condutor;Colisão transversal;Sem Vítimas;Pleno dia;Decrescente;Céu Claro;Dupla;Reta;Sim;2;0;0;0;2;0;0;2;-20,23267;-40,27658
227483.0;2019-08-08;quinta-feira;19:10:00;101.0;322;GUARAPARI;Defeito Mecânico no Veículo;Saída de leito carroçável;Com Vítimas Feridas;Plena Noite;Crescente;Céu Claro;Simples;Reta;Não;1;0;1;0;0;0;1;1;-20,52834;-40,48237
227502.0;2019-08-08;quinta-feira;21:00:00;101.0;265,5;SERRA;Falta de Atenção à Condução;Colisão transversal;Com Vítimas Feridas;Plena Noite;Crescente;Céu Claro;Múltipla;Reta;Sim;2;0;2;0;0;0;2;2;-20,1885;-40,2684
227529.0;2019-08-08;quinta-feira;22:20:00;259.0;62;COLATINA;Animais na Pista;Queda de ocupante de veículo;Com Vítimas Feridas;Plena Noite;Crescente;Céu Claro;Simples;Reta;Sim;1;0;0;1;0;0;1;1;-19,53124;-40,68991
227550.0;2019-08-09;sexta-feira;06:50:00;101.0;153;LINHARES;Defeito Mecânico no Veículo;Colisão traseira;Com Vítimas Feridas;Pleno dia;Crescente;Céu Claro;Simples;Reta;Não;3;0;1;0;2;0;1;3;-19,42334;-40,07872
227569.0;2019-08-09;sexta-feira;08:25:00;262.0;4,6;CARIACICA;Falta de Atenção à Condução;Colisão traseira;Sem Vítimas;Pleno dia;Crescente;Céu Claro;Múltipla;Reta;Sim;3;0;0;0;3;0;0;3;-20,33609;-40,37813
227570.0;2019-05-13;segunda-feira;06:40:00;262.0;1,8;CARIACICA;Desobediência às normas de trânsito pelo condutor;Atropelamento de Pedestre;Com Vítimas Feridas;Pleno dia;Decrescente;Céu Claro;Dupla;Curva;Sim;2;0;0;1;1;0;1;1;-20,33304;-40,36057
227581.0;2019-05-29;quarta-feira;10:50:00;393.0;0,9;CACHOEIRO DE ITAPEMIRIM;Desobediência às normas de trânsito pelo condutor;Colisão transversal;Com Vítimas Feridas;Pleno dia;Crescente;Céu Claro;Simples;Reta;Sim;2;0;0;1;0;1;1;2;-20,84132;-41,15929