id;data_inversa;dia_semana;horario;br;km;municipio;causa_acidente;tipo_acidente;classificacao_acidente;fase_dia;sentido_via;condicao_metereologica;tipo_pista;tracado_via;uso_solo;pessoas;mortos;feridos_leves;feridos_graves;ilesos;ignorados;feridos;veiculos;latitude;longitude
227585.0;2019-08-09;sexta-feira;07:40:00;101.0;266,1;SERRA;Não guardar distância de segurança;Colisão traseira;Com Vítimas Feridas;Pleno dia;Crescente;Sol;Múltipla;Reta;Sim;2;0;1;0;0;1;1;2;-20,19265;-40,26875
227586.0;2019-08-09;sexta-feira;09:40:00;101.0;2,6;VITORIA;Falta de Atenção à Condução;Engavetamento;Sem Vítimas;Pleno dia;Crescente;Céu Claro;Dupla;Reta;Sim;3;0;0;0;3;0;0;3;-20,25454;-40,28914
227601.0;2019-08-09;sexta-feira;10:40:00;262.0;45;MARECHAL FLORIANO;Desobediência às normas de trânsito pelo condutor;Colisão transversal;Com Vítimas Feridas;Pleno dia;Crescente;Céu Claro;Simples;Reta;Não;2;0;0;1;1;0;1;2;-20,40813;-40,67395
227604.0;2019-06-01;sábado;13:10:00;101.0;67;SAO MATEUS;Desobediência às normas de trânsito pelo condutor;Colisão traseira;Com Vítimas Feridas;Pleno dia;Decrescente;Céu Claro;Dupla;Reta;Sim;3;0;0;2;1;0;2;2;-18,72054;-39,86589
227610.0;2019-08-09;sexta-feira;12:00:00;101.0;222,8;IBIRACU;Não guardar distância de segurança;Colisão traseira;Com Vítimas Feridas;Pleno dia;Crescente;Sol;Simples;Reta;Não;3;0;2;0;1;0;2;2;-19,86968;-40,40916
227671.0;2019-08-09;sexta-feira;16:29:00;101.0;151;LINHARES;Falta de Atenção à Condução;Colisão transversal;Com Vítimas Feridas;Pleno dia;Decrescente;Sol;Simples;Interseção de vias;Não;2;0;1;0;1;0;1;2;-19,41157;-40,06592
227718.0;2019-08-09;sexta-feira;20:20:00;101.0;144;LINHARES;Falta de Atenção à Condução;Colisão traseira;Com Vítimas Feridas;Plena Noite;Decrescente;Céu Claro;Dupla;Reta;Sim;2;0;0;1;1;0;1;2;-19,35188;-40,06367
227733.0;2019-08-09;sexta-feira;20:30:00;101.0;267,2;SERRA;Falta de Atenção à Condução;Colisão transversal;Com Vítimas Feridas;Plena Noite;Crescente;Céu Claro;Dupla;Interseção de vias;Sim;2;0;1;0;1;0;1;2;-20,19931;-40,26885
227754.0;2019-08-09;sexta-feira;23:30:00;262.0;157;IBATIBA;Animais na Pista;Atropelamento de Animal;Com Vítimas Feridas;Plena Noite;Decrescente;Céu Claro;Simples;Reta;Sim;1;0;0;1;0;0;1;1;-20,23103;-41,48811
227772.0;2019-08-10;sábado;00:25:00;101.0;108;SOORETAMA;Pista Escorregadia;Tombamento;Com Vítimas Feridas;Plena Noite;Crescente;Chuva;Simples;Reta;Não;1;0;1;0;0;0;1;1;-19,0458;-40,0268
227821.0;2019-08-10;sábado;08:00:00;101.0;245;SERRA;Agressão Externa;Tombamento;Com Vítimas Feridas;Pleno dia;Crescente;Céu Claro;Simples;Reta;Não;2;0;2;0;0;0;2;1;-20,05454;-40,3819
227830.0;2019-08-10;sábado;09:00:00;101.0;262,4;SERRA;Desobediência às normas de trânsito pelo condutor;Colisão lateral;Com Vítimas Feridas;Pleno dia;Crescente;Sol;Múltipla;Não Informado;Sim;3;0;0;1;2;0;1;3;-20,15723;-40,27678
227869.0;2019-08-10;sábado;12:50:00;259.0;96,2;BAIXO GUANDU;Falta de Atenção à Condução;Colisão transversal;Com Vítimas Feridas;Pleno dia;Decrescente;Céu Claro;Simples;Reta;Não;2;0;0;1;1;0;1;2;-19,50657;-40,96112
227938.0;2019-08-10;sábado;18:10:00;101.0;148,9;LINHARES;Desobediência às normas de trânsito pelo condutor;Colisão transversal;Com Vítimas Feridas;Anoitecer;Decrescente;Céu Claro;Múltipla;Reta;Sim;3;0;2;0;1;0;2;2;-19,38787;-40,06753
227947.0;2019-08-10;sábado;19:30:00;101.0;272;SERRA;Falta de Atenção à Condução;Colisão com objeto estático;Com Vítimas Fatais;Plena Noite;Decrescente;Céu Claro;Dupla;Reta;Sim;3;2;0;0;1;0;0;2;-20,22725;-40,28427
227967.0;2019-08-10;sábado;21:10:00;101.0;164;LINHARES;Não guardar distância de segurança;Colisão traseira;Com Vítimas Feridas;Pleno dia;Crescente;Nublado;Simples;Reta;Não;2;0;1;0;1;0;1;2;-19,50608;-40,1347
227971.0;2019-08-10;sábado;21:15:00;262.0;21;VIANA;Falta de Atenção do Pedestre;Atropelamento de Pedestre;Com Vítimas Feridas;Plena Noite;Crescente;Céu Claro;Dupla;Reta;Sim;2;0;0;1;0;1;1;1;-20,38054;-40,50498
228012.0;2019-08-10;sábado;22:50:00;101.0;146,3;LINHARES;Falta de Atenção à Condução;Colisão lateral;Com Vítimas Feridas;Plena Noite;Decrescente;Céu Claro;Múltipla;Reta;Sim;2;0;1;0;1;0;1;2;-19,36991;-40,06561
228024.0;2019-08-11;domingo;03:15:00;262.0;17;VIANA;Desobediência às normas de trânsito pelo condutor;Colisão frontal;Com Vítimas Feridas;Plena Noite;Crescente;Céu Claro;Simples;Reta;Não;4;0;1;0;0;3;1;2;-20,38636;-40,47273
228114.0;2019-08-11;domingo;11:40:00;262.0;4;CARIACICA;Desobediência às normas de trânsito pelo condutor;Colisão com objeto estático;Com Vítimas Feridas;Pleno dia;Decrescente;Céu Claro;Dupla;Reta;Sim;2;0;2;0;0;0;2;1;-20,33609;-40,37813
228137.0;2019-08-11;domingo;14:50:00;101.0;241;SERRA;Ingestão de Álcool;Colisão frontal;Com Vítimas Feridas;Pleno dia;Crescente;Céu Claro;Simples;Não Informado;Não;2;0;0;1;1;0;1;2;-20,0239;-40,39998
228160.0;2019-08-11;domingo;15:25:00;262.0;98,9;VENDA NOVA DO IMIGRANTE;Falta de Atenção à Condução;Colisão traseira;Sem Vítimas;Pleno dia;Decrescente;Céu Claro;Simples;Não Informado;Não;2;0;0;0;2;0;0;2;-20,35624;-41,08499
228188.0;2019-08-11;domingo;18:30:00;101.0;96,4;JAGUARE;Falta de Atenção à Condução;Colisão frontal;Com Vítimas Feridas;Plena Noite;Decrescente;Nublado;Simples;Reta;Não;2;0;0;1;1;0;1;2;-18,95546;-39,98367
228192.0;2019-08-11;domingo;18:00:00;262.0;115,9;CONCEICAO DO CASTELO;Velocidade Incompatível;Colisão lateral;Com Vítimas Feridas;Anoitecer;Crescente;Céu Claro;Simples;Interseção de vias;Não;2;0;0;1;1;0;1;2;-20,31838;-41,22564
228224.0;2019-08-11;domingo;19:34:00;482.0;106,9;GUACUI;Ingestão de Álcool;Colisão traseira;Com Vítimas Feridas;Plena Noite;Crescente;Nublado;Simples;Curva;Sim;2;0;1;0;1;0;1;2;-20,77496;-41,676
228306.0;2019-08-12;segunda-feira;07:50:00;101.0;259,2;SERRA;Desobediência às normas de trânsito pelo condutor;Colisão frontal;Com Vítimas Fatais;Pleno dia;Crescente;Céu Claro;Dupla;Não Informado;Sim;5;1;1;0;0;3;1;3;-20,1384;-40,29221
228317.0;2019-08-12;segunda-feira;07:00:00;262.0;57,8;MARECHAL FLORIANO;Condutor Dormindo;Capotamento;Com Vítimas Feridas;Pleno dia;Decrescente;Céu Claro;Simples;Curva;Não;1;0;0;1;0;0;1;1;-20,42023;-40,76684
228320.0;2019-08-12;segunda-feira;09:00:00;101.0;0,5;SERRA;Falta de Atenção à Condução;Colisão traseira;Com Vítimas Feridas;Pleno dia;Crescente;Céu Claro;Múltipla;Desvio Temporário;Sim;4;0;2;0;2;0;2;3;-20,2384;-40,27884
228342.0;2019-08-12;segunda-feira;10:00:00;101.0;2,2;VITORIA;Falta de Atenção à Condução;Colisão lateral;Com Vítimas Feridas;Pleno dia;Decrescente;Sol;Dupla;Reta;Sim;2;0;1;0;1;0;1;2;-20,3154;-40,3018
228422.0;2019-08-12;segunda-feira;18:20:00;101.0;290,5;CARIACICA;Desobediência às normas de trânsito pelo condutor;Colisão frontal;Com Vítimas Feridas;Plena Noite;Crescente;Céu Claro;Dupla;Reta;Sim;4;0;3;0;1;0;3;3;-20,28928;-40,39182
228432.0;2019-08-12;segunda-feira;19:30:00;101.0;177;ARACRUZ;Ingestão de Álcool;Colisão frontal;Sem Vítimas;Plena Noite;Crescente;Céu Claro;Simples;Reta;Não;2;0;0;0;2;0;0;2;-19,60287;-40,20326
228436.0;2019-08-12;segunda-feira;20:05:00;101.0;150,1;LINHARES;Velocidade Incompatível;Colisão com objeto estático;Com Vítimas Feridas;Plena Noite;Crescente;Céu Claro;Múltipla;Curva;Sim;1;0;1;0;0;0;1;1;-19,40437;-40,06079
228465.0;2019-08-13;terça-feira;01:40:00;101.0;298;VIANA;Falta de Atenção à Condução;Colisão frontal;Com Vítimas Feridas;Plena Noite;Decrescente;Céu Claro;Dupla;Reta;Sim;2;0;1;0;1;0;1;2;-20,35374;-40,41564
228468.0;2019-08-13;terça-feira;02:30:00;262.0;170,5;IUNA;Falta de Atenção à Condução;Tombamento;Com Vítimas Feridas;Plena Noite;Crescente;Céu Claro;Simples;Curva;Não;1;0;0;1;0;0;1;1;-20,26468;-41,57615
228487.0;2019-08-13;terça-feira;07:10:00;101.0;375,9;ICONHA;Velocidade Incompatível;Colisão com objeto estático;Com Vítimas Feridas;Amanhecer;Decrescente;Céu Claro;Simples;Interseção de vias;Sim;1;0;0;1;0;0;1;1;-20,78856;-40,79561
228488.0;2019-08-13;terça-feira;07:30:00;101.0;298;VIANA;Falta de Atenção à Condução;Colisão lateral;Com Vítimas Feridas;Pleno dia;Crescente;Céu Claro;Dupla;Reta;Não;3;0;1;0;2;0;1;2;-20,35374;-40,41564
228492.0;2019-08-13;terça-feira;08:00:00;101.0;119;SOORETAMA;Sinalização da via insuficiente ou inadequada;Danos eventuais;Com Vítimas Feridas;Pleno dia;Crescente;Céu Claro;Simples;Desvio Temporário;Não;2;0;1;0;1;0;1;2;-19,13567;-40,07109
228508.0;2019-08-13;terça-feira;08:30:00;101.0;267,2;SERRA;Falta de Atenção do Pedestre;Atropelamento de Pedestre;Com Vítimas Feridas;Pleno dia;Decrescente;Sol;Dupla;Reta;Sim;2;0;2;0;0;0;2;1;-20,19931;-40,26885
228529.0;2019-08-13;terça-feira;11:20:00;101.0;298,6;VIANA;Objeto estático sobre o leito carroçável;Colisão com objeto estático;Com Vítimas Feridas;Pleno dia;Crescente;Sol;Múltipla;Reta;Sim;1;0;1;0;0;0;1;1;-20,35374;-40,41564
228536.0;2019-08-13;terça-feira;12:10:00;262.0;16;VIANA;Falta de Atenção à Condução;Colisão transversal;Com Vítimas Feridas;Pleno dia;Crescente;Sol;Simples;Reta;Não;2;0;0;1;1;0;1;2;-20,38441;-40,46308
228549.0;2019-07-29;segunda-feira;16:00:00;101.0;458,5;MIMOSO DO SUL;Velocidade Incompatível;Colisão lateral;Com Vítimas Feridas;Pleno dia;Decrescente;Garoa/Chuvisco;Simples;Reta;Não;3;0;2;0;1;0;2;2;-21,20216;-41,30075
228581.0;2019-08-13;terça-feira;16:00:00;101.0;174,6;ARACRUZ;Falta de Atenção à Condução;Colisão transversal;Com Vítimas Feridas;Pleno dia;Decrescente;Céu Claro;Simples;Reta;Sim;3;0;1;0;2;0;1;2;-19,58511;-40,18997
228595.0;2019-08-13;terça-feira;16:30:00;101.0;256,6;SERRA;Falta de Atenção à Condução;Colisão frontal;Com Vítimas Feridas;Pleno dia;Decrescente;Céu Claro;Múltipla;Reta;Sim;3;0;0;1;2;0;1;2;-20,11912;-40,31101
228597.0;2019-08-13;terça-feira;17:40:00;101.0;68,5;SAO MATEUS;Falta de Atenção à Condução;Colisão lateral;Com Vítimas Feridas;Plena Noite;Crescente;Céu Claro;Simples;Reta;Sim;2;0;0;1;1;0;1;2;-18,7266;-39,85975
228615.0;2019-08-13;terça-feira;19:15:00;393.0;1;CACHOEIRO DE ITAPEMIRIM;Falta de Atenção à Condução;Colisão transversal;Com Vítimas Feridas;Plena Noite;Crescente;Ignorado;Simples;Reta;Sim;2;0;1;0;1;0;1;2;-20,83723;-41,16733
228617.0;2019-08-13;terça-feira;18:40:00;262.0;174;IBATIBA;Velocidade Incompatível;Colisão traseira;Sem Vítimas;Plena Noite;Decrescente;Céu Claro;Simples;Não Informado;Não;2;0;0;0;2;0;0;2;-20,27644;-41,63551
228640.0;2019-08-13;terça-feira;22:20:00;101.0;264,7;SERRA;Ingestão de Álcool;Colisão transversal;Com Vítimas Feridas;Plena Noite;Crescente;Céu Claro;Dupla;Interseção de vias;Sim;2;0;2;0;0;0;2;2;-20,17293;-40,26736
228698.0;2019-08-14;quarta-feira;12:30:00;262.0;6,5;CARIACICA;Falta de Atenção à Condução;Colisão traseira;Com Vítimas Feridas;Pleno dia;Crescente;Garoa/Chuvisco;Múltipla;Reta;Sim;2;0;1;0;1;0;1;2;-20,34264;-40,40229
228707.0;2019-05-30;quinta-feira;17:30:00;262.0;18,2;VIANA;Falta de Atenção à Condução;Colisão transversal;Com Vítimas Feridas;Anoitecer;Crescente;Céu Claro;Simples;Reta;Não;2;0;0;1;1;0;1;2;-20,39137;-40,4808
228720.0;2019-08-14;quarta-feira;14:40:00;259.0;52,6;COLATINA;Falta de Atenção à Condução;Colisão traseira;Com Vítimas Feridas;Pleno dia;Crescente;Céu Claro;Dupla;Curva;Não;5;0;2;2;1;0;4;2;-19,50224;-40,62082
228747.0;2019-08-14;quarta-feira;17:50:00;101.0;0,5;SERRA;Falta de Atenção à Condução;Colisão lateral;Com Vítimas Feridas;Anoitecer;Crescente;Céu Claro;Simples;Reta;Sim;5;0;0;1;4;0;1;3;-20,12909;-40,30812
228765.0;2019-08-14;quarta-feira;20:10:00;101.0;1;SERRA;Defeito Mecânico no Veículo;Tombamento;Com Vítimas Feridas;Plena Noite;Crescente;Nublado;Dupla;Reta;Sim;1;0;0;1;0;0;1;1;-20,24075;-40,28
228769.0;2019-08-14;quarta-feira;20:30:00;101.0;178;ARACRUZ;Falta de Atenção à Condução;Queda de ocupante de veículo;Com Vítimas Feridas;Plena Noite;Decrescente;Céu Claro;Simples;Curva;Não;2;0;0;2;0;0;2;1;-19,61033;-40,20858
228790.0;2019-08-14;quarta-feira;21:50:00;101.0;267,8;SERRA;Desobediência às normas de trânsito pelo condutor;Colisão transversal;Com Vítimas Feridas;Plena Noite;Decrescente;Chuva;Dupla;Reta;Sim;8;0;5;2;1;0;7;2;-20,19931;-40,26885
228815.0;2019-08-15;quinta-feira;04:25:00;101.0;258;SERRA;Falta de Atenção à Condução;Colisão frontal;Com Vítimas Feridas;Plena Noite;Crescente;Nublado;Dupla;Desvio Temporário;Sim;3;0;1;1;1;0;2;2;-20,1306;-40,2961
228832.0;2019-08-15;quinta-feira;07:20:00;262.0;107,5;VENDA NOVA DO IMIGRANTE;Ultrapassagem Indevida;Colisão frontal;Com Vítimas Feridas;Amanhecer;Crescente;Sol;Simples;Reta;Sim;2;0;0;1;1;0;1;2;-20,32992;-41,15344
228875.0;2019-08-15;quinta-feira;11:30:00;262.0;33;DOMINGOS MARTINS;Pista Escorregadia;Saída de leito carroçável;Com Vítimas Feridas;Pleno dia;Crescente;Chuva;Simples;Curva;Não;2;0;1;0;1;0;1;1;-20,37535;-40,58433
228893.0;2019-06-28;sexta-feira;18:30:00;101.0;285;CARIACICA;Desobediência às normas de trânsito pelo pedestre;Atropelamento de Pedestre;Com Vítimas Feridas;Plena Noite;Decrescente;Ignorado;Dupla;Reta;Não;2;0;1;0;1;0;1;1;-20,25211;-40,37303
228902.0;2019-08-15;quinta-feira;14:30:00;262.0;24,5;VIANA;Condutor Dormindo;Colisão com objeto estático;Com Vítimas Feridas;Pleno dia;Crescente;Nublado;Simples;Curva;Não;1;0;1;0;0;0;1;1;-20,37918;-40,52625
228903.0;2019-08-15;quinta-feira;09:00:00;262.0;137,8;BREJETUBA;Ultrapassagem Indevida;Tombamento;Com Vítimas Feridas;Pleno dia;Decrescente;Nublado;Simples;Curva;Não;3;0;1;0;2;0;1;2;-20,23526;-41,34328
228951.0;2019-08-15;quinta-feira;20:40:00;262.0;6,8;CARIACICA;Desobediência às normas de trânsito pelo pedestre;Atropelamento de Pedestre;Com Vítimas Feridas;Plena Noite;Decrescente;Ignorado;Dupla;Reta;Sim;2;0;1;0;1;0;1;1;-20,34007;-40,39451
229013.0;2019-08-16;sexta-feira;07:30:00;262.0;0,1;VITORIA;Desobediência às normas de trânsito pelo condutor;Tombamento;Com Vítimas Feridas;Pleno dia;Decrescente;Céu Claro;Dupla;Ponte;Sim;3;0;2;0;1;0;2;2;-20,32079;-40,35332
229073.0;2019-08-16;sexta-feira;12:45:00;101.0;47;CONCEICAO DA BARRA;Agressão Externa;Colisão com objeto em movimento;Com Vítimas Feridas;Pleno dia;Decrescente;Céu Claro;Simples;Reta;Não;1;0;1;0;0;0;1;1;-18,56004;-39,90021
229091.0;2019-08-16;sexta-feira;14:45:00;101.0;159;LINHARES;Falta de Atenção à Condução;Colisão transversal;Com Vítimas Feridas;Pleno dia;Crescente;Sol;Simples;Interseção de vias;Sim;2;0;1;0;1;0;1;2;-19,4684;-40,11026
229101.0;2019-08-16;sexta-feira;15:30:00;101.0;229,5;FUNDAO;Desobediência às normas de trânsito pelo condutor;Colisão lateral;Com Vítimas Feridas;Pleno dia;Decrescente;Nublado;Múltipla;Reta;Sim;3;0;2;0;1;0;2;2;-19,93155;-40,40553
229139.0;2019-08-16;sexta-feira;18:30:00;259.0;58;COLATINA;Desobediência às normas de trânsito pelo condutor;Tombamento;Com Vítimas Feridas;Plena Noite;Crescente;Céu Claro;Dupla;Reta;Sim;2;0;0;2;0;0;2;2;-19,51447;-40,66079
229215.0;2019-08-17;sábado;01:00:00;262.0;105,8;VENDA NOVA DO IMIGRANTE;Falta de Atenção à Condução;Colisão frontal;Com Vítimas Feridas;Plena Noite;Crescente;Nublado;Simples;Reta;Sim;2;0;1;0;0;1;1;2;-20,32516;-41,14181
229261.0;2019-08-17;sábado;09:35:00;101.0;304,3;VIANA;Falta de Atenção à Condução;Colisão lateral;Sem Vítimas;Pleno dia;Crescente;Céu Claro;Dupla;Reta;Sim;2;0;0;0;2;0;0;2;-20,38006;-40,45431
229272.0;2019-08-17;sábado;10:40:00;101.0;352;ANCHIETA;Desobediência às normas de trânsito pelo condutor;Colisão lateral;Com Vítimas Feridas;Pleno dia;Decrescente;Céu Claro;Simples;Reta;Não;3;0;1;0;1;1;1;2;-20,66935;-40,66333
229285.0;2019-08-17;sábado;10:20:00;101.0;304;VIANA;Falta de Atenção à Condução;Colisão traseira;Sem Vítimas;Pleno dia;Crescente;Nublado;Múltipla;Reta;Sim;3;0;0;0;3;0;0;2;-20,38006;-40,45431
229289.0;2019-08-17;sábado;11:30:00;101.0;94;JAGUARE;Falta de Atenção à Condução;Colisão lateral;Com Vítimas Feridas;Pleno dia;Crescente;Céu Claro;Simples;Desvio Temporário;Sim;3;0;1;1;1;0;2;2;-18,93086;-39,97181
229305.0;2019-08-17;sábado;12:30:00;262.0;0,8;CARIACICA;Falta de Atenção à Condução;Colisão traseira;Com Vítimas Feridas;Pleno dia;Crescente;Sol;Dupla;Reta;Não;2;0;0;1;1;0;1;2;-20,32397;-40,35453
229450.0;2019-08-18;domingo;02:10:00;101.0;269;SERRA;Ingestão de Álcool;Saída de leito carroçável;Sem Vítimas;Plena Noite;Decrescente;Céu Claro;Dupla;Reta;Sim;3;0;0;0;3;0;0;1;-20,22304;-40,26987
229459.0;2019-08-18;domingo;03:25:00;101.0;394,9;RIO NOVO DO SUL;Falta de Atenção à Condução;Colisão lateral;Com Vítimas Feridas;Plena Noite;Crescente;Céu Claro;Simples;Curva;Sim;2;0;0;1;0;1;1;2;-20,86602;-40,93169
229539.0;2019-08-18;domingo;13:00:00;259.0;62,3;COLATINA;Velocidade Incompatível;Colisão traseira;Com Vítimas Feridas;Pleno dia;Crescente;Céu Claro;Simples;Reta;Não;3;0;2;0;1;0;2;2;-19,53124;-40,68991
229550.0;2019-08-18;domingo;15:25:00;101.0;239;FUNDAO;Desobediência às normas de trânsito pelo condutor;Queda de ocupante de veículo;Com Vítimas Feridas;Pleno dia;Decrescente;Céu Claro;Simples;Curva;Sim;2;0;2;0;0;0;2;1;-20,00782;-40,40791
229555.0;2019-08-18;domingo;13:30:00;262.0;31,7;DOMINGOS MARTINS;Ingestão de Álcool;Saída de leito carroçável;Sem Vítimas;Pleno dia;Decrescente;Céu Claro;Simples;Curva;Não;2;0;0;0;2;0;0;1;-20,3808;-40,57587
229598.0;2019-08-18;domingo;19:05:00;101.0;122;SOORETAMA;Falta de Atenção à Condução;Queda de ocupante de veículo;Com Vítimas Feridas;Plena Noite;Crescente;Céu Claro;Simples;Reta;Não;2;0;2;0;0;0;2;1;-19,16017;-40,08315
229625.0;2019-08-18;domingo;18:30:00;259.0;25,4;COLATINA;Falta de Atenção à Condução;Saída de leito carroçável;Com Vítimas Feridas;Plena Noite;Crescente;Céu Claro;Simples;Curva;Não;4;0;3;0;1;0;3;1;-19,61948;-40,47748
229649.0;2019-08-18;domingo;21:10:00;101.0;339,3;GUARAPARI;Ingestão de Álcool;Saída de leito carroçável;Sem Vítimas;Plena Noite;Crescente;Céu Claro;Simples;Ponte;Não;1;0;0;0;1;0;0;1;-20,64347;-40,55827
229699.0;2019-08-19;segunda-feira;05:50:00;101.0;213,2;IBIRACU;Falta de Atenção à Condução;Colisão lateral;Com Vítimas Feridas;Pleno dia;Decrescente;Céu Claro;Simples;Reta;Sim;2;0;1;0;1;0;1;2;-19,82353;-40,36982
229737.0;2019-08-19;segunda-feira;07:00:00;482.0;50,5;CACHOEIRO DE ITAPEMIRIM;Falta de Atenção do Pedestre;Atropelamento de Pedestre;Com Vítimas Feridas;Pleno dia;Decrescente;Céu Claro;Simples;Reta;Não;2;0;0;1;0;1;1;1;-20,77037;-41,28064
229752.0;2019-08-19;segunda-feira;10:30:00;262.0;17,1;VIANA;Falta de Atenção à Condução;Colisão lateral;Com Vítimas Feridas;Pleno dia;Crescente;Céu Claro;Simples;Reta;Sim;2;0;1;0;1;0;1;2;-20,38636;-40,47273
229784.0;2019-08-19;segunda-feira;13:40:00;101.0;264;SERRA;Falta de Atenção à Condução;Colisão traseira;Sem Vítimas;Pleno dia;Crescente;Sol;Dupla;Reta;Sim;2;0;0;0;2;0;0;2;-20,17293;-40,26736
229817.0;2019-08-19;segunda-feira;18:50:00;101.0;294;CARIACICA;Falta de Atenção à Condução;Colisão transversal;Com Vítimas Feridas;Plena Noite;Decrescente;Céu Claro;Simples;Viaduto;Não;2;0;1;0;1;0;1;2;-20,32416;-40,39529
229831.0;2019-08-19;segunda-feira;19:10:00;482.0;47,9;CACHOEIRO DE ITAPEMIRIM;Deficiência ou não Acionamento do Sistema de Iluminação/Sinalização do Veículo;Colisão traseira;Com Vítimas Feridas;Plena Noite;Decrescente;Céu Claro;Simples;Reta;Não;2;0;0;1;1;0;1;2;-20,759;-41,26053
229876.0;2019-06-12;quarta-feira;10:50:00;101.0;2,8;SERRA;Mal Súbito;Queda de ocupante de veículo;Com Vítimas Feridas;Pleno dia;Decrescente;Ignorado;Dupla;Não Informado;Sim;2;0;1;0;0;1;1;1;-20,23691;-40,27775
229891.0;2019-08-20;terça-feira;06:40:00;101.0;268,4;SERRA;Falta de Atenção à Condução;Colisão traseira;Com Vítimas Feridas;Pleno dia;Crescente;Céu Claro;Dupla;Reta;Sim;2;0;0;1;1;0;1;2;-20,20842;-40,2694
229907.0;2019-08-20;terça-feira;07:50:00;101.0;261;SERRA;Falta de Atenção à Condução;Tombamento;Com Vítimas Feridas;Pleno dia;Crescente;Céu Claro;Dupla;Reta;Sim;1;0;0;1;0;0;1;1;-20,14854;-40,27971
229920.0;2019-07-19;sexta-feira;00:30:00;101.0;269;SERRA;Desobediência às normas de trânsito pelo condutor;Colisão transversal;Com Vítimas Feridas;Plena Noite;Crescente;Nublado;Múltipla;Não Informado;Sim;2;0;1;0;0;1;1;2;-20,2297;-40,27279
229954.0;2019-05-28;terça-feira;17:00:00;101.0;69;SAO MATEUS;Não guardar distância de segurança;Colisão traseira;Com Vítimas Feridas;Anoitecer;Crescente;Nublado;Simples;Reta;Sim;3;0;0;1;2;0;1;2;-18,73556;-39,8607
229966.0;2019-08-20;terça-feira;13:40:00;101.0;2;SERRA;Não guardar distância de segurança;Colisão traseira;Com Vítimas Feridas;Pleno dia;Decrescente;Nublado;Dupla;Reta;Sim;6;0;0;1;5;0;1;5;-20,25382;-40,28893
229992.0;2019-08-20;terça-feira;16:00:00;101.0;142,6;LINHARES;Falta de Atenção à Condução;Colisão lateral;Com Vítimas Feridas;Pleno dia;Crescente;Céu Claro;Simples;Interseção de vias;Sim;2;0;1;0;1;0;1;2;-19,33459;-40,06755
230004.0;2019-08-20;terça-feira;16:15:00;101.0;246,1;SERRA;Falta de Atenção do Pedestre;Atropelamento de Pedestre;Com Vítimas Feridas;Pleno dia;Crescente;Céu Claro;Dupla;Reta;Não;2;0;0;1;1;0;1;1;-20,06198;-40,37679
230005.0;2019-08-20;terça-feira;16:00:00;101.0;421,3;CACHOEIRO DE ITAPEMIRIM;Falta de Atenção à Condução;Colisão transversal;Com Vítimas Feridas;Pleno dia;Crescente;Nublado;Simples;Rotatória;Não;2;0;1;0;1;0;1;2;-20,97397;-41,11067
230018.0;2019-08-20;terça-feira;18:30:00;101.0;211;IBIRACU;Desobediência às normas de trânsito pelo condutor;Colisão transversal;Com Vítimas Feridas;Plena Noite;Crescente;Céu Claro;Simples;Reta;Sim;2;0;1;0;1;0;1;2;-19,80701;-40,36767
230043.0;2019-08-20;terça-feira;19:50:00;482.0;125,5;DORES DO RIO PRETO;Desobediência às normas de trânsito pelo condutor;Colisão traseira;Com Vítimas Fatais;Plena Noite;Crescente;Ignorado;Simples;Reta;Não;2;1;0;0;1;0;0;2;-20,77237;-41,80634
230054.0;2019-08-20;terça-feira;20:20:00;262.0;105;VENDA NOVA DO IMIGRANTE;Falta de Atenção à Condução;Colisão transversal;Com Vítimas Feridas;Plena Noite;Crescente;Garoa/Chuvisco;Simples;Reta;Não;2;0;0;1;1;0;1;2;-20,32625;-41,13599
230062.0;2019-08-20;terça-feira;21:40:00;101.0;265,9;SERRA;Ingestão de Álcool;Atropelamento de Pedestre;Com Vítimas Feridas;Plena Noite;Crescente;Nublado;Múltipla;Reta;Sim;2;0;1;0;1;0;1;1;-20,18168;-40,26536
230072.0;2019-08-20;terça-feira;22:20:00;262.0;111;VENDA NOVA DO IMIGRANTE;Falta de Atenção à Condução;Colisão transversal;Com Vítimas Feridas;Plena Noite;Decrescente;Chuva;Simples;Reta;Sim;2;0;0;1;1;0;1;2;-20,33711;-41,19043
230074.0;2019-08-20;terça-feira;21:57:00;101.0;296,3;CARIACICA;Não guardar distância de segurança;Colisão traseira;Com Vítimas Feridas;Plena Noite;Crescente;Céu Claro;Múltipla;Curva;Sim;3;0;1;0;2;0;1;2;-20,3403;-40,40406
230125.0;2019-08-21;quarta-feira;08:00:00;101.0;271,7;SERRA;Não guardar distância de segurança;Colisão lateral;Com Vítimas Feridas;Pleno dia;Decrescente;Nublado;Dupla;Interseção de vias;Sim;2;0;1;0;1;0;1;2;-20,2386;-40,2785