id;data_inversa;dia_semana;horario;br;km;municipio;causa_acidente;tipo_acidente;classificacao_acidente;fase_dia;sentido_via;condicao_metereologica;tipo_pista;tracado_via;uso_solo;pessoas;mortos;feridos_leves;feridos_graves;ilesos;ignorados;feridos;veiculos;latitude;longitude
230198.0;2019-08-21;quarta-feira;13:55:00;101.0;414,5;ITAPEMIRIM;Velocidade Incompatível;Colisão transversal;Com Vítimas Feridas;Pleno dia;Decrescente;Chuva;Simples;Reta;Não;3;0;1;0;2;0;1;3;-20,92346;-41,07836
230211.0;2019-06-06;quinta-feira;21:00:00;101.0;311,9;VILA VELHA;Desobediência às normas de trânsito pelo condutor;Colisão transversal;Com Vítimas Feridas;Plena Noite;Crescente;Céu Claro;Simples;Reta;Não;3;0;0;1;0;2;1;2;-20,43478;-40,45964
230220.0;2019-08-21;quarta-feira;16:30:00;101.0;299,7;VIANA;Falta de Atenção à Condução;Colisão lateral;Com Vítimas Feridas;Pleno dia;Crescente;Nublado;Múltipla;Reta;Sim;2;0;1;0;1;0;1;2;-20,35861;-40,42328
230330.0;2019-06-17;segunda-feira;17:10:00;262.0;6,4;CARIACICA;Animais na Pista;Atropelamento de Animal;Com Vítimas Feridas;Anoitecer;Crescente;Nublado;Múltipla;Reta;Sim;1;0;1;0;0;0;1;1;-20,34007;-40,39451
230356.0;2019-08-22;quinta-feira;10:50:00;262.0;1,4;CARIACICA;Falta de Atenção à Condução;Colisão transversal;Sem Vítimas;Pleno dia;Crescente;Nublado;Múltipla;Reta;Sim;2;0;0;0;1;1;0;2;-20,32955;-40,35493
230362.0;2019-08-22;quinta-feira;11:40:00;101.0;268;SERRA;Desobediência às normas de trânsito pelo condutor;Colisão traseira;Sem Vítimas;Pleno dia;Crescente;Nublado;Simples;Reta;Sim;3;0;0;0;3;0;0;2;-20,20842;-40,2694
230372.0;2019-08-22;quinta-feira;13:10:00;262.0;49;MARECHAL FLORIANO;Agressão Externa;Danos eventuais;Sem Vítimas;Pleno dia;Decrescente;Céu Claro;Simples;Reta;Não;1;0;0;0;1;0;0;1;-20,41251;-40,69799
230385.0;2019-08-22;quinta-feira;08:45:00;101.0;130,5;LINHARES;Falta de Atenção à Condução;Tombamento;Com Vítimas Feridas;Pleno dia;Decrescente;Nublado;Simples;Reta;Não;1;0;1;0;0;0;1;1;-19,22995;-40,09267
230394.0;2019-08-22;quinta-feira;16:15:00;101.0;269,7;SERRA;Desobediência às normas de trânsito pelo condutor;Colisão transversal;Com Vítimas Feridas;Pleno dia;Decrescente;Nublado;Dupla;Interseção de vias;Sim;2;0;0;1;0;1;1;2;-20,2174;-40,26991
230395.0;2019-06-07;sexta-feira;17:55:00;101.0;150,5;LINHARES;Falta de Atenção à Condução;Colisão transversal;Com Vítimas Feridas;Anoitecer;Crescente;Chuva;Simples;Interseção de vias;Sim;4;0;2;1;1;0;3;2;-19,40437;-40,06079
230397.0;2019-08-22;quinta-feira;16:40:00;101.0;287,6;CARIACICA;Falta de Atenção à Condução;Colisão transversal;Com Vítimas Feridas;Pleno dia;Decrescente;Nublado;Dupla;Não Informado;Não;2;0;1;0;1;0;1;2;-20,26494;-40,38472
230446.0;2019-08-22;quinta-feira;09:10:00;262.0;0,2;VITORIA;Defeito na Via;Queda de ocupante de veículo;Com Vítimas Feridas;Pleno dia;Crescente;Nublado;Dupla;Não Informado;Sim;2;0;1;0;0;1;1;1;-20,32079;-40,35332
230468.0;2019-08-22;quinta-feira;23:10:00;101.0;252,9;SERRA;Falta de Atenção à Condução;Colisão transversal;Com Vítimas Feridas;Plena Noite;Decrescente;Nublado;Simples;Reta;Não;2;0;0;1;1;0;1;2;-20,09618;-40,33951
230485.0;2019-08-23;sexta-feira;05:00:00;101.0;167,4;LINHARES;Animais na Pista;Atropelamento de Animal;Com Vítimas Feridas;Amanhecer;Decrescente;Nublado;Simples;Reta;Não;1;0;0;1;0;0;1;1;-19,52735;-40,15218
230486.0;2019-08-10;sábado;15:35:00;101.0;285;CARIACICA;Desobediência às normas de trânsito pelo condutor;Colisão lateral;Com Vítimas Feridas;Pleno dia;Crescente;Céu Claro;Dupla;Reta;Sim;3;0;0;1;0;2;1;2;-20,25148;-40,3727
230492.0;2019-08-23;sexta-feira;05:30:00;262.0;158;IBATIBA;Ingestão de Álcool;Colisão com objeto estático;Com Vítimas Feridas;Plena Noite;Crescente;Nublado;Simples;Reta;Sim;2;0;2;0;0;0;2;1;-20,23111;-41,49626
230493.0;2019-08-23;sexta-feira;05:30:00;101.0;302;VIANA;Desobediência às normas de trânsito pelo condutor;Colisão com objeto estático;Sem Vítimas;Amanhecer;Decrescente;Chuva;Dupla;Curva;Sim;1;0;0;0;1;0;0;1;-20,37655;-40,44262
230502.0;2019-08-23;sexta-feira;07:40:00;262.0;6,7;CARIACICA;Falta de Atenção à Condução;Colisão traseira;Com Vítimas Feridas;Pleno dia;Decrescente;Céu Claro;Múltipla;Reta;Sim;2;0;1;0;1;0;1;2;-20,34007;-40,39451
230507.0;2019-06-04;terça-feira;17:45:00;101.0;275;SERRA;Desobediência às normas de trânsito pelo condutor;Colisão lateral;Com Vítimas Feridas;Anoitecer;Crescente;Nublado;Dupla;Reta;Não;3;0;0;2;0;1;2;2;-20,20828;-40,30389
230516.0;2019-08-23;sexta-feira;08:35:00;101.0;266;SERRA;Avarias e/ou desgaste excessivo no pneu;Colisão traseira;Sem Vítimas;Pleno dia;Crescente;Chuva;Múltipla;Reta;Sim;2;0;0;0;2;0;0;2;-20,1902;-40,26829
230560.0;2019-08-23;sexta-feira;13:35:00;101.0;288;CARIACICA;Defeito Mecânico no Veículo;Queda de ocupante de veículo;Com Vítimas Feridas;Pleno dia;Decrescente;Nublado;Dupla;Reta;Sim;2;0;2;0;0;0;2;1;-20,2716;-40,39092
230570.0;2019-08-23;sexta-feira;14:15:00;262.0;165,7;IBATIBA;Defeito Mecânico no Veículo;Colisão com objeto estático;Com Vítimas Feridas;Pleno dia;Crescente;Nublado;Simples;Reta;Não;3;0;2;0;1;0;2;2;-20,24714;-41,55845
230584.0;2019-08-23;sexta-feira;15:00:00;101.0;395,5;RIO NOVO DO SUL;Pista Escorregadia;Tombamento;Com Vítimas Feridas;Pleno dia;Decrescente;Garoa/Chuvisco;Simples;Reta;Sim;1;0;1;0;0;0;1;1;-20,86594;-40,93258
230603.0;2019-08-23;sexta-feira;17:50:00;101.0;40;CONCEICAO DA BARRA;Defeito Mecânico no Veículo;Tombamento;Com Vítimas Feridas;Anoitecer;Crescente;Nublado;Simples;Desvio Temporário;Não;1;0;1;0;0;0;1;1;-18,49981;-39,91852
230617.0;2019-05-31;sexta-feira;12:20:00;262.0;4;CARIACICA;Falta de Atenção à Condução;Colisão traseira;Com Vítimas Feridas;Pleno dia;Crescente;Céu Claro;Múltipla;Reta;Sim;2;0;0;1;0;1;1;2;-20,33609;-40,37813
230634.0;2019-06-08;sábado;16:40:00;262.0;18,2;VIANA;Desobediência às normas de trânsito pelo condutor;Colisão lateral;Com Vítimas Feridas;Pleno dia;Crescente;Céu Claro;Simples;Reta;Sim;8;0;0;5;3;0;5;3;-20,39137;-40,4808
230639.0;2019-06-16;domingo;18:00:00;101.0;284,9;CARIACICA;Não guardar distância de segurança;Colisão traseira;Com Vítimas Feridas;Plena Noite;Crescente;Nublado;Dupla;Reta;Sim;2;0;0;1;1;0;1;2;-20,24335;-40,36969
230681.0;2019-08-23;sexta-feira;20:15:00;262.0;99,2;VENDA NOVA DO IMIGRANTE;Ingestão de Álcool;Colisão lateral;Com Vítimas Feridas;Pleno dia;Decrescente;Nublado;Simples;Curva;Não;2;0;1;0;1;0;1;2;-20,35052;-41,09312
230721.0;2019-08-24;sábado;06:00:00;101.0;221;IBIRACU;Velocidade Incompatível;Tombamento;Com Vítimas Feridas;Amanhecer;Crescente;Céu Claro;Dupla;Reta;Não;2;0;2;0;0;0;2;1;-19,8296;-40,37837
230772.0;2019-08-24;sábado;11:43:00;101.0;260,8;SERRA;Desobediência às normas de trânsito pelo condutor;Colisão lateral;Sem Vítimas;Pleno dia;Crescente;Nublado;Dupla;Curva;Sim;2;0;0;0;0;2;0;2;-20,14616;-40,28836
230777.0;2019-08-24;sábado;12:25:00;101.0;286;CARIACICA;Falta de Atenção à Condução;Colisão transversal;Com Vítimas Feridas;Pleno dia;Decrescente;Céu Claro;Dupla;Não Informado;Não;2;0;0;1;1;0;1;2;-20,25902;-40,37753
230794.0;2019-08-24;sábado;14:20:00;101.0;272,4;SERRA;Defeito Mecânico no Veículo;Tombamento;Com Vítimas Feridas;Pleno dia;Crescente;Nublado;Dupla;Reta;Não;1;0;0;1;0;0;1;1;-20,22725;-40,28427
230802.0;2019-06-09;domingo;19:00:00;393.0;10;CACHOEIRO DE ITAPEMIRIM;Velocidade Incompatível;Atropelamento de Animal;Com Vítimas Feridas;Plena Noite;Crescente;Céu Claro;Simples;Reta;Não;1;0;0;1;0;0;1;1;-20,84255;-41,24027
230805.0;2019-06-21;sexta-feira;16:40:00;393.0;1;CACHOEIRO DE ITAPEMIRIM;Ultrapassagem Indevida;Colisão lateral;Com Vítimas Feridas;Pleno dia;Crescente;Nublado;Simples;Reta;Sim;2;0;0;1;1;0;1;2;-20,83723;-41,16733
230843.0;2019-08-24;sábado;18:35:00;101.0;26;PINHEIROS;Desobediência às normas de trânsito pelo pedestre;Atropelamento de Pedestre;Com Vítimas Fatais;Plena Noite;Decrescente;Nublado;Simples;Reta;Não;2;1;0;0;1;0;0;1;-18,3674;-39,95085
230848.0;2019-08-24;sábado;19:00:00;101.0;238,5;FUNDAO;Falta de Atenção à Condução;Saída de leito carroçável;Com Vítimas Feridas;Plena Noite;Crescente;Nublado;Simples;Curva;Não;1;0;1;0;0;0;1;1;-20,00572;-40,41269
230870.0;2019-08-24;sábado;21:15:00;101.0;266,3;SERRA;Desobediência às normas de trânsito pelo condutor;Colisão transversal;Com Vítimas Feridas;Pleno dia;Decrescente;Nublado;Múltipla;Interseção de vias;Sim;2;0;1;0;1;0;1;2;-20,1902;-40,26829
230904.0;2019-08-24;sábado;23:30:00;259.0;39;COLATINA;Ingestão de Álcool;Colisão traseira;Com Vítimas Feridas;Plena Noite;Crescente;Nublado;Simples;Reta;Não;5;0;2;0;2;1;2;3;-19,55774;-40,5296
230934.0;2019-08-25;domingo;03:40:00;259.0;48,3;COLATINA;Falta de Atenção à Condução;Colisão lateral;Com Vítimas Feridas;Plena Noite;Crescente;Nublado;Múltipla;Interseção de vias;Sim;3;0;1;1;1;0;2;2;-19,52285;-40,59357
230937.0;2019-05-28;terça-feira;10:05:00;101.0;299;VIANA;Falta de Atenção à Condução;Colisão lateral;Com Vítimas Feridas;Pleno dia;Crescente;Céu Claro;Múltipla;Reta;Sim;3;0;0;1;2;0;1;2;-20,35861;-40,42328
231053.0;2019-08-25;domingo;16:30:00;101.0;233,8;FUNDAO;Falta de Atenção à Condução;Tombamento;Com Vítimas Feridas;Amanhecer;Decrescente;Céu Claro;Dupla;Não Informado;Não;2;0;2;0;0;0;2;1;-19,96104;-40,40689
231060.0;2019-08-25;domingo;17:30:00;101.0;270;SERRA;Não guardar distância de segurança;Queda de ocupante de veículo;Com Vítimas Feridas;Anoitecer;Crescente;Nublado;Dupla;Reta;Sim;1;0;0;1;0;0;1;1;-20,22662;-40,27075
231064.0;2019-08-25;domingo;17:35:00;101.0;294;CARIACICA;Falta de Atenção à Condução;Colisão com objeto estático;Com Vítimas Feridas;Anoitecer;Crescente;Nublado;Dupla;Reta;Sim;1;0;1;0;0;0;1;1;-20,32545;-40,39597
231083.0;2019-08-25;domingo;18:40:00;101.0;139;LINHARES;Falta de Atenção à Condução;Colisão transversal;Com Vítimas Feridas;Plena Noite;Crescente;Céu Claro;Simples;Retorno Regulamentado;Não;4;0;1;0;3;0;1;2;-19,31017;-40,07997
231093.0;2019-08-25;domingo;19:00:00;101.0;74;SAO MATEUS;Restrição de Visibilidade;Atropelamento de Pedestre;Com Vítimas Feridas;Plena Noite;Decrescente;Chuva;Simples;Reta;Não;3;0;0;1;1;1;1;1;-18,77756;-39,87357
231094.0;2019-08-25;domingo;19:45:00;101.0;266,2;SERRA;Ingestão de Álcool;Colisão transversal;Com Vítimas Feridas;Plena Noite;Crescente;Nublado;Múltipla;Interseção de vias;Sim;4;0;2;0;2;0;2;2;-20,1902;-40,26829
231096.0;2019-08-25;domingo;18:30:00;101.0;284;CARIACICA;Velocidade Incompatível;Saída de leito carroçável;Com Vítimas Feridas;Plena Noite;Crescente;Nublado;Múltipla;Desvio Temporário;Sim;2;0;1;0;1;0;1;1;-20,24335;-40,36969
231243.0;2019-08-27;terça-feira;14:30:00;101.0;149;LINHARES;Desobediência às normas de trânsito pelo condutor;Colisão transversal;Sem Vítimas;Pleno dia;Crescente;Céu Claro;Simples;Curva;Sim;2;0;0;0;2;0;0;2;-19,40682;-40,06425
231300.0;2019-06-19;quarta-feira;18:40:00;101.0;297,2;VIANA;Não guardar distância de segurança;Colisão lateral;Com Vítimas Feridas;Plena Noite;Crescente;Céu Claro;Dupla;Reta;Sim;2;0;0;1;1;0;1;2;-20,3453;-40,41027
231348.0;2019-08-27;terça-feira;20:40:00;101.0;214,3;IBIRACU;Desobediência às normas de trânsito pelo condutor;Colisão lateral;Com Vítimas Feridas;Plena Noite;Decrescente;Nublado;Simples;Reta;Não;2;0;1;0;0;1;1;2;-19,82963;-40,37588
231437.0;2019-06-21;sexta-feira;09:17:00;101.0;149,8;LINHARES;Falta de Atenção do Pedestre;Atropelamento de Pedestre;Com Vítimas Feridas;Pleno dia;Decrescente;Céu Claro;Simples;Curva;Sim;2;0;0;1;1;0;1;1;-19,39619;-40,06436
231477.0;2019-08-26;segunda-feira;11:05:00;262.0;3,6;CARIACICA;Falta de Atenção à Condução;Engavetamento;Sem Vítimas;Pleno dia;Crescente;Chuva;Dupla;Reta;Sim;3;0;0;0;3;0;0;3;-20,33374;-40,36911
231505.0;2019-06-13;quinta-feira;18:15:00;101.0;157,5;LINHARES;Desobediência às normas de trânsito pelo condutor;Colisão lateral;Com Vítimas Feridas;Plena Noite;Crescente;Garoa/Chuvisco;Simples;Reta;Não;2;0;0;1;0;1;1;2;-19,45345;-40,09963
231543.0;2019-08-28;quarta-feira;18:30:00;262.0;106;VENDA NOVA DO IMIGRANTE;Falta de Atenção à Condução;Colisão lateral;Com Vítimas Feridas;Plena Noite;Decrescente;Céu Claro;Simples;Reta;Sim;2;0;0;1;1;0;1;2;-20,32621;-41,14442
231558.0;2019-08-28;quarta-feira;18:08:00;101.0;255;SERRA;Desobediência às normas de trânsito pelo condutor;Colisão transversal;Com Vítimas Feridas;Anoitecer;Decrescente;Céu Claro;Simples;Interseção de vias;Sim;2;0;1;0;1;0;1;2;-20,11488;-40,31944
231619.0;2019-08-29;quinta-feira;08:10:00;101.0;306;VIANA;Não guardar distância de segurança;Colisão traseira;Com Vítimas Feridas;Pleno dia;Crescente;Nublado;Dupla;Reta;Não;2;0;1;0;1;0;1;2;-20,39179;-40,46265
231642.0;2019-08-29;quinta-feira;09:50:00;101.0;266,5;SERRA;Não guardar distância de segurança;Colisão traseira;Sem Vítimas;Pleno dia;Crescente;Céu Claro;Múltipla;Reta;Sim;2;0;0;0;2;0;0;2;-20,1902;-40,26829
231678.0;2019-08-29;quinta-feira;12:20:00;101.0;208;JOAO NEIVA;Falta de Atenção à Condução;Saída de leito carroçável;Com Vítimas Feridas;Pleno dia;Decrescente;Céu Claro;Simples;Curva;Não;1;0;1;0;0;0;1;1;-19,7808;-40,37161
231707.0;2019-08-29;quinta-feira;16:00:00;101.0;245,5;SERRA;Falta de Atenção à Condução;Tombamento;Com Vítimas Feridas;Pleno dia;Crescente;Sol;Dupla;Desvio Temporário;Não;1;0;1;0;0;0;1;1;-20,05454;-40,3819
231708.0;2019-08-29;quinta-feira;16:25:00;101.0;256,6;SERRA;Falta de Atenção do Pedestre;Atropelamento de Pedestre;Com Vítimas Fatais;Pleno dia;Decrescente;Nublado;Múltipla;Não Informado;Sim;2;1;0;0;1;0;0;1;-20,1228;-40,3055
231724.0;2019-08-29;quinta-feira;16:30:00;101.0;20;PINHEIROS;Defeito na Via;Queda de ocupante de veículo;Com Vítimas Feridas;Pleno dia;Decrescente;Nublado;Simples;Reta;Não;1;0;1;0;0;0;1;1;-18,32561;-39,95844
231741.0;2019-08-29;quinta-feira;18:30:00;259.0;86,8;BAIXO GUANDU;Objeto estático sobre o leito carroçável;Colisão traseira;Com Vítimas Fatais;Plena Noite;Decrescente;Céu Claro;Simples;Reta;Não;2;1;0;0;0;1;0;1;-19,51271;-40,88595
231749.0;2019-08-29;quinta-feira;19:05:00;101.0;82,7;SAO MATEUS;Ingestão de Álcool;Colisão transversal;Com Vítimas Feridas;Plena Noite;Decrescente;Nublado;Simples;Reta;Não;3;0;2;0;1;0;2;3;-18,83617;-39,91776
231772.0;2019-08-29;quinta-feira;21:30:00;101.0;176;ARACRUZ;Falta de Atenção à Condução;Saída de leito carroçável;Com Vítimas Feridas;Plena Noite;Decrescente;Céu Claro;Simples;Reta;Não;1;0;1;0;0;0;1;1;-19,59524;-40,19835
231877.0;2019-08-30;sexta-feira;09:15:00;262.0;6;CARIACICA;Falta de Atenção à Condução;Colisão lateral;Com Vítimas Feridas;Pleno dia;Crescente;Céu Claro;Dupla;Reta;Sim;3;0;1;1;1;0;2;2;-20,34007;-40,39451
231892.0;2019-08-30;sexta-feira;09:40:00;101.0;268,5;SERRA;Restrição de Visibilidade;Atropelamento de Pedestre;Com Vítimas Feridas;Pleno dia;Decrescente;Céu Claro;Simples;Reta;Sim;2;0;0;1;1;0;1;1;-20,20842;-40,2694
231923.0;2019-08-30;sexta-feira;11:30:00;101.0;270,7;SERRA;Desobediência às normas de trânsito pelo condutor;Queda de ocupante de veículo;Com Vítimas Feridas;Pleno dia;Crescente;Céu Claro;Dupla;Reta;Sim;1;0;0;1;0;0;1;1;-20,22662;-40,27075
231930.0;2019-08-30;sexta-feira;11:30:00;101.0;14,4;PEDRO CANARIO;Falta de Atenção à Condução;Tombamento;Com Vítimas Feridas;Pleno dia;Decrescente;Sol;Simples;Curva;Não;2;0;0;2;0;0;2;1;-18,28229;-39,95688
231933.0;2019-08-26;segunda-feira;18:25:00;101.0;144,9;LINHARES;Não guardar distância de segurança;Colisão traseira;Com Vítimas Feridas;Plena Noite;Decrescente;Nublado;Múltipla;Reta;Sim;2;0;0;1;1;0;1;2;-19,35958;-40,06422
231947.0;2019-08-30;sexta-feira;12:50:00;101.0;270;SERRA;Desobediência às normas de trânsito pelo condutor;Colisão traseira;Com Vítimas Feridas;Pleno dia;Decrescente;Céu Claro;Múltipla;Reta;Sim;2;0;1;0;1;0;1;2;-20,22662;-40,27075
231957.0;2019-08-30;sexta-feira;13:50:00;101.0;135,5;LINHARES;Desobediência às normas de trânsito pelo condutor;Colisão transversal;Com Vítimas Feridas;Pleno dia;Crescente;Céu Claro;Simples;Não Informado;Não;2;0;1;0;1;0;1;2;-19,27504;-40,08788
231977.0;2019-08-30;sexta-feira;15:00:00;101.0;242,4;SERRA;Falta de Atenção do Pedestre;Atropelamento de Pedestre;Com Vítimas Feridas;Pleno dia;Crescente;Céu Claro;Simples;Reta;Não;2;0;1;1;0;0;2;1;-20,03213;-40,39676
231984.0;2019-08-30;sexta-feira;15:45:00;101.0;407,9;ITAPEMIRIM;Velocidade Incompatível;Tombamento;Com Vítimas Feridas;Pleno dia;Crescente;Sol;Simples;Curva;Não;1;0;1;0;0;0;1;1;-20,89279;-41,03049
232077.0;2019-08-30;sexta-feira;20:40:00;259.0;56,6;COLATINA;Falta de Atenção à Condução;Colisão traseira;Com Vítimas Feridas;Plena Noite;Crescente;Céu Claro;Simples;Reta;Não;3;0;0;2;1;0;2;2;-19,50128;-40,65265
232085.0;2019-08-26;segunda-feira;19:00:00;262.0;114,9;CONCEICAO DO CASTELO;Animais na Pista;Tombamento;Com Vítimas Feridas;Plena Noite;Crescente;Céu Claro;Simples;Reta;Não;1;0;1;0;0;0;1;1;-20,32545;-41,21078
232090.0;2019-08-30;sexta-feira;21:45:00;101.0;263;SERRA;Falta de Atenção à Condução;Queda de ocupante de veículo;Com Vítimas Feridas;Plena Noite;Decrescente;Céu Claro;Dupla;Reta;Sim;1;0;0;1;0;0;1;1;-20,16555;-40,27302
232093.0;2019-08-30;sexta-feira;21:35:00;262.0;5,4;CARIACICA;Falta de Atenção à Condução;Colisão traseira;Sem Vítimas;Plena Noite;Crescente;Céu Claro;Múltipla;Reta;Sim;5;0;0;0;5;0;0;3;-20,33714;-40,39101
232099.0;2019-08-30;sexta-feira;22:00:00;262.0;134,2;BREJETUBA;Velocidade Incompatível;Tombamento;Com Vítimas Feridas;Plena Noite;Decrescente;Céu Claro;Simples;Curva;Não;1;0;0;1;0;0;1;1;-20,24029;-41,32539
232113.0;2019-08-30;sexta-feira;23:40:00;101.0;213,6;IBIRACU;Falta de Atenção à Condução;Colisão com objeto estático;Com Vítimas Feridas;Plena Noite;Crescente;Céu Claro;Múltipla;Rotatória;Sim;2;0;1;1;0;0;2;1;-19,82846;-40,36836
232114.0;2019-08-30;sexta-feira;23:50:00;262.0;116,7;CONCEICAO DO CASTELO;Velocidade Incompatível;Colisão com objeto estático;Com Vítimas Feridas;Plena Noite;Decrescente;Céu Claro;Simples;Curva;Não;2;0;0;2;0;0;2;1;-20,31763;-41,22741
232130.0;2019-08-31;sábado;01:18:00;101.0;221;IBIRACU;Falta de Atenção à Condução;Saída de leito carroçável;Com Vítimas Feridas;Plena Noite;Decrescente;Céu Claro;Simples;Reta;Não;2;0;1;0;1;0;1;1;-19,86696;-40,40056
232176.0;2019-08-31;sábado;08:55:00;101.0;148;LINHARES;Desobediência às normas de trânsito pelo condutor;Colisão transversal;Com Vítimas Feridas;Pleno dia;Crescente;Céu Claro;Dupla;Interseção de vias;Sim;3;0;1;0;1;1;1;2;-19,39975;-40,06246
232205.0;2019-08-31;sábado;10:20:00;101.0;405,8;ITAPEMIRIM;Velocidade Incompatível;Tombamento;Com Vítimas Feridas;Pleno dia;Crescente;Céu Claro;Simples;Curva;Não;1;0;1;0;0;0;1;1;-20,90046;-41,015
232230.0;2019-08-31;sábado;13:00:00;262.0;100,9;VENDA NOVA DO IMIGRANTE;Ultrapassagem Indevida;Colisão frontal;Com Vítimas Feridas;Pleno dia;Crescente;Céu Claro;Simples;Curva;Não;2;0;0;1;1;0;1;2;-20,344;-41,10818
232247.0;2019-08-31;sábado;14:25:00;262.0;34;DOMINGOS MARTINS;Falta de Atenção à Condução;Colisão transversal;Com Vítimas Feridas;Pleno dia;Crescente;Céu Claro;Simples;Curva;Não;2;0;1;0;1;0;1;2;-20,3731;-40,59176
232304.0;2019-08-31;sábado;19:15:00;262.0;159,4;IBATIBA;Falta de Atenção à Condução;Atropelamento de Pedestre;Com Vítimas Feridas;Plena Noite;Decrescente;Céu Claro;Simples;Rotatória;Sim;2;0;1;0;0;1;1;1;-20,23362;-41,50533
232337.0;2019-08-31;sábado;21:10:00;262.0;45;MARECHAL FLORIANO;Desobediência às normas de trânsito pelo condutor;Colisão lateral;Com Vítimas Feridas;Plena Noite;Crescente;Céu Claro;Simples;Não Informado;Sim;2;0;1;0;1;0;1;2;-20,4113;-40,67927
232364.0;2019-08-31;sábado;23:25:00;101.0;255;SERRA;Falta de Atenção à Condução;Colisão transversal;Com Vítimas Feridas;Plena Noite;Crescente;Ignorado;Simples;Não Informado;Sim;2;0;1;0;1;0;1;2;-20,11861;-40,31222
232368.0;2019-09-01;domingo;00:15:00;101.0;131;LINHARES;Deficiência ou não Acionamento do Sistema de Iluminação/Sinalização do Veículo;Colisão lateral;Com Vítimas Feridas;Plena Noite;Crescente;Céu Claro;Simples;Desvio Temporário;Não;3;0;2;0;1;0;2;2;-19,23897;-40,09171
232493.0;2019-06-25;terça-feira;21:20:00;101.0;289,3;CARIACICA;Avarias e/ou desgaste excessivo no pneu;Tombamento;Com Vítimas Feridas;Plena Noite;Crescente;Céu Claro;Dupla;Reta;Sim;2;0;1;1;0;0;2;1;-20,28029;-40,39303
232560.0;2019-09-01;domingo;18:25:00;101.0;160;LINHARES;Falta de Atenção à Condução;Colisão transversal;Com Vítimas Feridas;Plena Noite;Crescente;Céu Claro;Simples;Interseção de vias;Sim;2;0;0;1;1;0;1;2;-19,47663;-40,11403
232564.0;2019-09-01;domingo;18:00:00;259.0;19;JOAO NEIVA;Falta de Atenção à Condução;Colisão traseira;Sem Vítimas;Anoitecer;Crescente;Céu Claro;Simples;Reta;Não;2;0;0;0;2;0;0;2;-19,66056;-40,45632
232592.0;2019-09-01;domingo;19:30:00;259.0;57,5;COLATINA;Falta de Atenção à Condução;Colisão transversal;Com Vítimas Feridas;Plena Noite;Decrescente;Céu Claro;Simples;Rotatória;Sim;3;0;0;1;2;0;1;2;-19,51397;-40,6595
232606.0;2019-09-01;domingo;21:20:00;101.0;117;SOORETAMA;Falta de Atenção à Condução;Colisão transversal;Com Vítimas Feridas;Plena Noite;Crescente;Céu Claro;Simples;Reta;Não;2;0;0;1;1;0;1;2;-19,11933;-40,06303
232608.0;2019-09-01;domingo;21:30:00;262.0;4,7;CARIACICA;Desobediência às normas de trânsito pelo condutor;Colisão transversal;Com Vítimas Feridas;Plena Noite;Decrescente;Céu Claro;Múltipla;Interseção de vias;Sim;2;0;0;1;1;0;1;2;-20,33819;-40,38498
232615.0;2019-09-01;domingo;21:01:00;101.0;140;LINHARES;Falta de Atenção à Condução;Tombamento;Com Vítimas Feridas;Plena Noite;Decrescente;Céu Claro;Dupla;Reta;Sim;3;0;2;1;0;0;3;1;-19,31817;-40,07552
232624.0;2019-09-01;domingo;23:30:00;101.0;255,4;SERRA;Falta de Atenção à Condução;Queda de ocupante de veículo;Com Vítimas Feridas;Plena Noite;Crescente;Céu Claro;Simples;Interseção de vias;Sim;1;0;0;1;0;0;1;1;-20,11488;-40,31944
232650.0;2019-09-02;segunda-feira;05:00:00;101.0;269;SERRA;Desobediência às normas de trânsito pelo condutor;Colisão transversal;Com Vítimas Feridas;Amanhecer;Crescente;Céu Claro;Dupla;Interseção de vias;Sim;3;0;0;1;1;1;1;2;-20,2174;-40,26991
232698.0;2019-09-02;segunda-feira;06:58:00;262.0;43,7;MARECHAL FLORIANO;Falta de Atenção à Condução;Colisão traseira;Sem Vítimas;Pleno dia;Decrescente;Sol;Simples;Reta;Sim;2;0;0;0;2;0;0;2;-20,38448;-40,66252
232715.0;2019-08-26;segunda-feira;14:00:00;262.0;27;VIANA;Velocidade Incompatível;Capotamento;Com Vítimas Feridas;Pleno dia;Decrescente;Nublado;Dupla;Não Informado;Não;1;0;1;0;0;0;1;1;-20,38399;-40,55226