id;data_inversa;dia_semana;horario;br;km;municipio;causa_acidente;tipo_acidente;classificacao_acidente;fase_dia;sentido_via;condicao_metereologica;tipo_pista;tracado_via;uso_solo;pessoas;mortos;feridos_leves;feridos_graves;ilesos;ignorados;feridos;veiculos;latitude;longitude
235218.0;2019-09-13;sexta-feira;21:00:00;101.0;141,7;LINHARES;Falta de Atenção à Condução;Colisão traseira;Com Vítimas Feridas;Plena Noite;Decrescente;Céu Claro;Simples;Interseção de vias;Não;3;0;1;1;0;1;2;2;-19,33209;-40,06882
235287.0;2019-09-14;sábado;06:20:00;262.0;29;DOMINGOS MARTINS;Objeto estático sobre o leito carroçável;Colisão frontal;Com Vítimas Feridas;Pleno dia;Crescente;Nublado;Simples;Ponte;Não;3;0;1;0;2;0;1;3;-20,37585;-40,56027
235307.0;2019-09-14;sábado;10:15:00;262.0;88;DOMINGOS MARTINS;Desobediência às normas de trânsito pelo condutor;Colisão transversal;Com Vítimas Feridas;Pleno dia;Decrescente;Céu Claro;Simples;Reta;Não;2;0;0;1;1;0;1;2;-20,3912;-41,00985
235357.0;2019-08-25;domingo;09:16:00;262.0;1,7;CARIACICA;Falta de Atenção à Condução;Colisão lateral;Sem Vítimas;Pleno dia;Decrescente;Sol;Dupla;Reta;Sim;2;0;0;0;2;0;0;2;-20,32955;-40,35493
235366.0;2019-09-14;sábado;16:30:00;101.0;265,1;SERRA;Condutor Dormindo;Colisão com objeto estático;Com Vítimas Feridas;Pleno dia;Decrescente;Nublado;Dupla;Reta;Sim;5;0;4;0;1;0;4;2;-20,18168;-40,26536
235381.0;2019-09-14;sábado;17:33:00;101.0;270;SERRA;Falta de Atenção à Condução;Colisão transversal;Com Vítimas Feridas;Anoitecer;Crescente;Céu Claro;Múltipla;Reta;Sim;2;0;0;1;0;1;1;2;-20,22662;-40,27075
235388.0;2019-09-14;sábado;18:30:00;101.0;334;GUARAPARI;Falta de Atenção à Condução;Colisão traseira;Com Vítimas Feridas;Plena Noite;Crescente;Céu Claro;Simples;Reta;Não;2;0;1;0;1;0;1;2;-20,62138;-40,52011
235391.0;2019-09-14;sábado;17:10:00;101.0;188;ARACRUZ;Carga excessiva e/ou mal acondicionada;Tombamento;Sem Vítimas;Anoitecer;Crescente;Céu Claro;Simples;Curva;Não;1;0;0;0;1;0;0;1;-19,67569;-40,26369
235396.0;2019-09-14;sábado;19:05:00;101.0;146;LINHARES;Desobediência às normas de trânsito pelo condutor;Colisão transversal;Com Vítimas Feridas;Plena Noite;Decrescente;Céu Claro;Simples;Não Informado;Não;3;0;2;0;1;0;2;2;-19,36991;-40,06561
235415.0;2019-09-14;sábado;20:40:00;101.0;294;CARIACICA;Ingestão de Álcool;Colisão lateral;Com Vítimas Feridas;Plena Noite;Crescente;Céu Claro;Dupla;Não Informado;Não;2;0;1;0;1;0;1;2;-20,32422;-40,39512
235461.0;2019-09-15;domingo;00:20:00;101.0;66;SAO MATEUS;Falta de Atenção à Condução;Queda de ocupante de veículo;Com Vítimas Feridas;Plena Noite;Decrescente;Céu Claro;Simples;Reta;Sim;1;0;1;0;0;0;1;1;-18,71652;-39,87436
235467.0;2019-09-15;domingo;01:30:00;101.0;269;SERRA;Falta de Atenção à Condução;Colisão transversal;Com Vítimas Feridas;Plena Noite;Crescente;Céu Claro;Dupla;Interseção de vias;Sim;2;0;1;0;1;0;1;2;-20,2174;-40,26991
235490.0;2019-09-15;domingo;04:35:00;101.0;381,7;RIO NOVO DO SUL;Ingestão de Álcool;Colisão lateral;Sem Vítimas;Amanhecer;Decrescente;Céu Claro;Simples;Curva;Não;2;0;0;0;2;0;0;2;-20,81706;-40,84261
235492.0;2019-09-15;domingo;03:15:00;101.0;130;LINHARES;Falta de Atenção à Condução;Saída de leito carroçável;Com Vítimas Feridas;Plena Noite;Crescente;Céu Claro;Simples;Reta;Não;3;0;2;0;1;0;2;1;-19,22995;-40,09267
235525.0;2019-09-15;domingo;07:50:00;101.0;67;SAO MATEUS;Falta de Atenção à Condução;Colisão traseira;Com Vítimas Feridas;Pleno dia;Crescente;Céu Claro;Múltipla;Reta;Sim;2;0;1;0;1;0;1;2;-18,72054;-39,86589
235536.0;2019-09-15;domingo;09:30:00;101.0;423;ATILIO VIVACQUA;Falta de Atenção à Condução;Colisão lateral;Com Vítimas Feridas;Pleno dia;Crescente;Sol;Simples;Reta;Não;8;0;5;1;1;1;6;3;-20,98875;-41,11847
235576.0;2019-09-15;domingo;09:40:00;259.0;58;COLATINA;Falta de Atenção à Condução;Colisão traseira;Com Vítimas Feridas;Pleno dia;Decrescente;Céu Claro;Simples;Reta;Sim;1;0;1;0;0;0;1;1;-19,51447;-40,66079
235593.0;2019-09-15;domingo;15:20:00;101.0;290;CARIACICA;Falta de Atenção à Condução;Tombamento;Com Vítimas Feridas;Pleno dia;Crescente;Céu Claro;Dupla;Reta;Não;1;0;1;0;0;0;1;1;-20,28928;-40,39182
235651.0;2019-09-15;domingo;18:30:00;101.0;305,5;VIANA;Defeito na Via;Queda de ocupante de veículo;Com Vítimas Feridas;Plena Noite;Crescente;Céu Claro;Simples;Não Informado;Não;2;0;2;0;0;0;2;1;-20,38698;-40,46346
235685.0;2019-09-15;domingo;18:30:00;259.0;98,3;BAIXO GUANDU;Velocidade Incompatível;Saída de leito carroçável;Com Vítimas Feridas;Plena Noite;Crescente;Nublado;Simples;Curva;Não;2;0;0;2;0;0;2;1;-19,51141;-40,9786
235703.0;2019-09-15;domingo;21:30:00;101.0;187,5;ARACRUZ;Defeito Mecânico no Veículo;Incêndio;Sem Vítimas;Plena Noite;Decrescente;Céu Claro;Simples;Curva;Não;1;0;0;0;1;0;0;1;-19,67083;-40,25621
235721.0;2019-09-15;domingo;22:30:00;101.0;141;LINHARES;Animais na Pista;Atropelamento de Animal;Com Vítimas Feridas;Plena Noite;Crescente;Nublado;Múltipla;Reta;Sim;1;0;0;1;0;0;1;1;-19,32656;-40,07192
235747.0;2019-09-15;domingo;16:00:00;101.0;289;CARIACICA;Falta de Atenção à Condução;Colisão traseira;Com Vítimas Feridas;Pleno dia;Decrescente;Céu Claro;Dupla;Reta;Não;2;0;1;1;0;0;2;2;-20,26767;-40,38849
235750.0;2019-09-16;segunda-feira;06:00:00;101.0;266,8;SERRA;Falta de Atenção à Condução;Colisão traseira;Sem Vítimas;Amanhecer;Crescente;Céu Claro;Múltipla;Reta;Sim;2;0;0;0;1;1;0;2;-20,1902;-40,26829
235827.0;2019-09-16;segunda-feira;07:00:00;101.0;287,5;CARIACICA;Falta de Atenção à Condução;Colisão lateral;Com Vítimas Feridas;Pleno dia;Decrescente;Céu Claro;Dupla;Reta;Sim;2;0;1;0;1;0;1;2;-20,26494;-40,38472
235828.0;2019-09-16;segunda-feira;07:20:00;101.0;288,8;CARIACICA;Falta de Atenção à Condução;Colisão traseira;Com Vítimas Feridas;Pleno dia;Decrescente;Céu Claro;Dupla;Reta;Sim;2;0;0;1;1;0;1;2;-20,27588;-40,39238
235844.0;2019-09-16;segunda-feira;08:10:00;101.0;291,9;CARIACICA;Desobediência às normas de trânsito pelo condutor;Colisão transversal;Com Vítimas Feridas;Pleno dia;Decrescente;Céu Claro;Dupla;Interseção de vias;Sim;5;0;1;2;2;0;3;3;-20,29756;-40,39446
235849.0;2019-09-16;segunda-feira;09:00:00;101.0;287,1;CARIACICA;Defeito Mecânico no Veículo;Incêndio;Sem Vítimas;Pleno dia;Decrescente;Céu Claro;Dupla;Reta;Sim;1;0;0;0;1;0;0;1;-20,26494;-40,38472
235851.0;2019-09-16;segunda-feira;08:30:00;101.0;298;VIANA;Falta de Atenção à Condução;Colisão traseira;Sem Vítimas;Pleno dia;Crescente;Céu Claro;Múltipla;Reta;Sim;2;0;0;0;2;0;0;2;-20,35374;-40,41564
235906.0;2019-09-16;segunda-feira;07:20:00;101.0;287,6;CARIACICA;Desobediência às normas de trânsito pelo condutor;Colisão transversal;Com Vítimas Feridas;Pleno dia;Decrescente;Sol;Dupla;Reta;Sim;2;0;1;0;1;0;1;2;-20,26857;-40,38871
235950.0;2019-09-16;segunda-feira;17:00:00;259.0;30,4;COLATINA;Velocidade Incompatível;Colisão frontal;Com Vítimas Feridas;Anoitecer;Crescente;Céu Claro;Dupla;Curva;Sim;3;0;0;2;1;0;2;2;-19,59525;-40,50647
235962.0;2019-09-16;segunda-feira;18:25:00;101.0;289;CARIACICA;Desobediência às normas de trânsito pelo condutor;Colisão transversal;Com Vítimas Feridas;Plena Noite;Decrescente;Céu Claro;Dupla;Reta;Sim;2;0;0;2;0;0;2;2;-20,27332;-40,3916
235973.0;2019-09-16;segunda-feira;18:45:00;101.0;268,2;SERRA;Animais na Pista;Atropelamento de Animal;Com Vítimas Feridas;Anoitecer;Crescente;Ignorado;Múltipla;Reta;Sim;1;0;0;1;0;0;1;1;-20,20842;-40,2694
235980.0;2019-09-16;segunda-feira;19:05:00;262.0;37;DOMINGOS MARTINS;Falta de Atenção à Condução;Colisão frontal;Com Vítimas Feridas;Plena Noite;Crescente;Céu Claro;Simples;Reta;Não;2;0;1;0;1;0;1;2;-20,38052;-40,6216
235984.0;2019-09-16;segunda-feira;19:45:00;101.0;190,6;ARACRUZ;Ultrapassagem Indevida;Colisão lateral;Com Vítimas Feridas;Plena Noite;Crescente;Céu Claro;Simples;Curva;Não;3;0;2;0;1;0;2;2;-19,68681;-40,28399
236023.0;2019-09-17;terça-feira;05:20:00;101.0;119,9;SOORETAMA;Desobediência às normas de trânsito pelo condutor;Colisão frontal;Com Vítimas Feridas;Amanhecer;Crescente;Céu Claro;Simples;Não Informado;Não;5;0;5;0;0;0;5;2;-19,13567;-40,07109
236054.0;2019-09-16;segunda-feira;18:00:00;262.0;77,5;DOMINGOS MARTINS;Defeito Mecânico no Veículo;Colisão com objeto estático;Sem Vítimas;Anoitecer;Decrescente;Céu Claro;Simples;Curva;Não;1;0;0;0;0;1;0;1;-20,41101;-40,91783
236135.0;2019-09-17;terça-feira;16:50:00;101.0;296,5;CARIACICA;Desobediência às normas de trânsito pelo condutor;Colisão lateral;Com Vítimas Feridas;Pleno dia;Decrescente;Céu Claro;Múltipla;Reta;Sim;2;0;1;0;1;0;1;2;-20,34007;-40,39451
236145.0;2019-09-17;terça-feira;17:50:00;101.0;1;SERRA;Desobediência às normas de trânsito pelo condutor;Colisão traseira;Com Vítimas Feridas;Plena Noite;Decrescente;Céu Claro;Dupla;Reta;Sim;4;0;1;0;3;0;1;4;-20,2466;-40,2837
236150.0;2019-09-17;terça-feira;18:30:00;101.0;293,8;CARIACICA;Desobediência às normas de trânsito pelo pedestre;Atropelamento de Pedestre;Com Vítimas Feridas;Plena Noite;Crescente;Céu Claro;Dupla;Reta;Sim;3;0;1;2;0;0;3;1;-20,31526;-40,39567
236182.0;2019-09-17;terça-feira;20:30:00;259.0;65,2;COLATINA;Ingestão de Álcool;Colisão frontal;Com Vítimas Fatais;Plena Noite;Crescente;Céu Claro;Simples;Reta;Sim;3;1;0;1;1;0;1;2;-19,51944;-40,71586
236186.0;2019-09-17;terça-feira;20:30:00;101.0;117;SOORETAMA;Falta de Atenção à Condução;Queda de ocupante de veículo;Com Vítimas Feridas;Plena Noite;Crescente;Céu Claro;Simples;Reta;Não;1;0;0;1;0;0;1;1;-19,11933;-40,06303
236200.0;2019-09-17;terça-feira;23:00:00;101.0;69,5;SAO MATEUS;Falta de Atenção à Condução;Queda de ocupante de veículo;Com Vítimas Feridas;Plena Noite;Decrescente;Céu Claro;Simples;Não Informado;Não;1;0;1;0;0;0;1;1;-18,73556;-39,8607
236248.0;2019-08-13;terça-feira;09:45:00;101.0;272,9;SERRA;Falta de Atenção à Condução;Colisão lateral;Com Vítimas Feridas;Pleno dia;Decrescente;Céu Claro;Dupla;Reta;Sim;2;0;1;0;1;0;1;2;-20,22725;-40,28427
236254.0;2019-09-18;quarta-feira;07:40:00;262.0;190;IUNA;Condutor Dormindo;Saída de leito carroçável;Com Vítimas Feridas;Pleno dia;Crescente;Céu Claro;Simples;Curva;Não;1;0;1;0;0;0;1;1;-20,30807;-41,74445
236258.0;2019-08-13;terça-feira;07:53:00;262.0;0,9;CARIACICA;Desobediência às normas de trânsito pelo condutor;Colisão lateral;Com Vítimas Feridas;Pleno dia;Decrescente;Céu Claro;Dupla;Não Informado;Sim;2;0;0;1;1;0;1;2;-20,33069;-40,35476
236285.0;2019-06-30;domingo;21:00:00;101.0;288;CARIACICA;Falta de Atenção à Condução;Capotamento;Com Vítimas Feridas;Pleno dia;Crescente;Céu Claro;Dupla;Reta;Sim;1;0;0;1;0;0;1;1;-20,27351;-40,39175
236325.0;2019-09-18;quarta-feira;14:10:00;101.0;184;ARACRUZ;Carga excessiva e/ou mal acondicionada;Tombamento;Com Vítimas Feridas;Pleno dia;Decrescente;Céu Claro;Simples;Curva;Não;1;0;1;0;0;0;1;1;-19,65524;-40,23356
236357.0;2019-09-18;quarta-feira;17:00:00;101.0;270;SERRA;Falta de Atenção à Condução;Colisão traseira;Com Vítimas Feridas;Anoitecer;Decrescente;Céu Claro;Dupla;Reta;Sim;2;0;1;0;1;0;1;2;-20,20842;-40,2694
236363.0;2019-06-30;domingo;13:50:00;262.0;165;IBATIBA;Velocidade Incompatível;Colisão frontal;Com Vítimas Feridas;Pleno dia;Crescente;Céu Claro;Simples;Curva;Não;3;0;0;2;1;0;2;2;-20,24911;-41,55151
236365.0;2019-09-18;quarta-feira;18:00:00;101.0;267,6;SERRA;Desobediência às normas de trânsito pelo condutor;Colisão transversal;Com Vítimas Feridas;Pleno dia;Crescente;Céu Claro;Múltipla;Reta;Sim;2;0;1;0;1;0;1;2;-20,1902;-40,26829
236377.0;2019-09-18;quarta-feira;19:10:00;101.0;98,3;JAGUARE;Ultrapassagem Indevida;Saída de leito carroçável;Com Vítimas Feridas;Plena Noite;Crescente;Céu Claro;Simples;Reta;Não;2;0;1;0;1;0;1;2;-18,96369;-39,98758
236494.0;2019-06-04;terça-feira;07:10:00;101.0;289;CARIACICA;Falta de Atenção à Condução;Colisão lateral;Com Vítimas Feridas;Pleno dia;Decrescente;Céu Claro;Dupla;Reta;Não;2;0;0;1;1;0;1;2;-20,28029;-40,39303
236505.0;2019-09-19;quinta-feira;13:50:00;101.0;146,6;LINHARES;Desobediência às normas de trânsito pelo condutor;Colisão lateral;Sem Vítimas;Pleno dia;Decrescente;Sol;Múltipla;Reta;Sim;2;0;0;0;2;0;0;2;-19,36991;-40,06561
236516.0;2019-09-19;quinta-feira;15:00:00;262.0;93,7;DOMINGOS MARTINS;Falta de Atenção à Condução;Colisão transversal;Com Vítimas Feridas;Pleno dia;Decrescente;Sol;Simples;Não Informado;Não;4;0;1;2;1;0;3;2;-20,37908;-41,05048
236536.0;2019-09-19;quinta-feira;16:45:00;101.0;270,5;SERRA;Falta de Atenção à Condução;Tombamento;Com Vítimas Feridas;Pleno dia;Decrescente;Céu Claro;Múltipla;Interseção de vias;Sim;1;0;0;1;0;0;1;1;-20,22662;-40,27075
236544.0;2019-09-19;quinta-feira;18:00:00;101.0;301,5;VIANA;Desobediência às normas de trânsito pelo condutor;Colisão frontal;Com Vítimas Feridas;Anoitecer;Crescente;Céu Claro;Múltipla;Curva;Sim;2;0;0;1;1;0;1;2;-20,36312;-40,44256
236676.0;2019-09-20;sexta-feira;07:20:00;101.0;294,4;CARIACICA;Defeito Mecânico no Veículo;Colisão com objeto estático;Com Vítimas Feridas;Pleno dia;Crescente;Céu Claro;Dupla;Reta;Não;1;0;0;1;0;0;1;1;-20,32416;-40,39529
236699.0;2019-08-25;domingo;18:55:00;101.0;448,5;MIMOSO DO SUL;Condutor Dormindo;Colisão frontal;Com Vítimas Fatais;Anoitecer;Crescente;Céu Claro;Simples;Reta;Não;2;1;0;0;1;0;0;2;-21,13028;-41,28044
236703.0;2019-06-18;terça-feira;11:40:00;262.0;159,9;IBATIBA;Mal Súbito;Colisão transversal;Com Vítimas Feridas;Pleno dia;Crescente;Céu Claro;Simples;Interseção de vias;Sim;2;0;0;1;1;0;1;2;-20,23362;-41,50533
236731.0;2019-09-20;sexta-feira;13:20:00;262.0;1,3;CARIACICA;Falta de Atenção à Condução;Colisão lateral;Com Vítimas Feridas;Pleno dia;Decrescente;Céu Claro;Múltipla;Reta;Sim;2;0;1;0;1;0;1;2;-20,32955;-40,35493
236748.0;2019-07-10;quarta-feira;08:00:00;262.0;5,7;CARIACICA;Falta de Atenção à Condução;Colisão traseira;Com Vítimas Feridas;Pleno dia;Crescente;Céu Claro;Dupla;Reta;Sim;2;0;0;1;0;1;1;2;-20,33707;-40,3865
236765.0;2019-06-28;sexta-feira;23:20:00;262.0;166,5;IBATIBA;Desobediência às normas de trânsito pelo condutor;Colisão lateral;Com Vítimas Feridas;Plena Noite;Decrescente;Céu Claro;Simples;Reta;Não;2;0;0;1;1;0;1;2;-20,24684;-41,56028
236775.0;2019-09-20;sexta-feira;17:10:00;101.0;265,3;SERRA;Falta de Atenção à Condução;Colisão lateral;Com Vítimas Feridas;Anoitecer;Crescente;Céu Claro;Dupla;Reta;Sim;2;0;1;0;0;1;1;2;-20,18397;-40,26672
236792.0;2019-09-20;sexta-feira;17:35:00;101.0;303;VIANA;Falta de Atenção à Condução;Engavetamento;Com Vítimas Feridas;Anoitecer;Crescente;Nublado;Dupla;Reta;Sim;3;0;1;0;2;0;1;3;-20,37696;-40,44527
236887.0;2019-09-21;sábado;02:00:00;101.0;212,9;IBIRACU;Falta de Atenção à Condução;Saída de leito carroçável;Com Vítimas Feridas;Plena Noite;Crescente;Céu Claro;Simples;Curva;Sim;1;0;0;1;0;0;1;1;-19,82336;-40,36979
236892.0;2019-09-21;sábado;04:00:00;101.0;301;VIANA;Desobediência às normas de trânsito pelo condutor;Colisão lateral;Com Vítimas Feridas;Plena Noite;Decrescente;Céu Claro;Dupla;Curva;Sim;5;0;1;0;4;0;1;2;-20,36278;-40,44013
236944.0;2019-09-21;sábado;10:00:00;262.0;18,7;VIANA;Restrição de Visibilidade;Colisão lateral;Sem Vítimas;Pleno dia;Decrescente;Céu Claro;Simples;Reta;Sim;2;0;0;0;2;0;0;2;-20,39191;-40,49002
236961.0;2019-09-21;sábado;12:00:00;101.0;295,1;CARIACICA;Falta de Atenção à Condução;Colisão traseira;Com Vítimas Feridas;Pleno dia;Decrescente;Céu Claro;Múltipla;Reta;Sim;2;0;1;0;1;0;1;2;-20,33224;-40,40005
236975.0;2019-09-21;sábado;13:50:00;101.0;243;SERRA;Desobediência às normas de trânsito pelo condutor;Saída de leito carroçável;Sem Vítimas;Pleno dia;Crescente;Céu Claro;Simples;Curva;Não;3;0;0;0;0;3;0;1;-20,04008;-40,39274
236984.0;2019-06-17;segunda-feira;19:25:00;101.0;292,8;CARIACICA;Falta de Atenção à Condução;Colisão lateral;Com Vítimas Feridas;Plena Noite;Crescente;Céu Claro;Simples;Curva;Sim;2;0;0;1;1;0;1;2;-20,30606;-40,39547
236990.0;2019-09-21;sábado;15:50:00;101.0;265,1;SERRA;Falta de Atenção à Condução;Colisão transversal;Com Vítimas Feridas;Pleno dia;Decrescente;Sol;Simples;Reta;Sim;2;0;1;0;1;0;1;2;-20,18219;-40,26534
237009.0;2019-09-21;sábado;18:05:00;101.0;295,9;CARIACICA;Ingestão de Álcool;Queda de ocupante de veículo;Com Vítimas Feridas;Anoitecer;Decrescente;Céu Claro;Múltipla;Não Informado;Sim;2;0;1;0;1;0;1;1;-20,33224;-40,40005
237116.0;2019-09-22;domingo;04:00:00;101.0;224,9;IBIRACU;Avarias e/ou desgaste excessivo no pneu;Saída de leito carroçável;Com Vítimas Feridas;Plena Noite;Crescente;Céu Claro;Simples;Reta;Não;1;0;1;0;0;0;1;1;-19,88448;-40,41556
237127.0;2019-09-22;domingo;06:35:00;101.0;133,8;SOORETAMA;Condutor Dormindo;Colisão traseira;Com Vítimas Feridas;Pleno dia;Decrescente;Céu Claro;Simples;Reta;Não;3;0;0;2;1;0;2;3;-19,25701;-40,08984
237134.0;2019-09-22;domingo;08:00:00;259.0;19,7;JOAO NEIVA;Falta de Atenção à Condução;Colisão com objeto estático;Com Vítimas Feridas;Pleno dia;Crescente;Céu Claro;Simples;Curva;Não;1;0;0;1;0;0;1;1;-19,66056;-40,45632
237147.0;2019-09-22;domingo;09:57:00;101.0;149,2;LINHARES;Velocidade Incompatível;Colisão com objeto estático;Com Vítimas Feridas;Pleno dia;Decrescente;Céu Claro;Simples;Reta;Sim;3;0;0;3;0;0;3;1;-19,37887;-40,06658
237165.0;2019-09-22;domingo;11:00:00;259.0;52;COLATINA;Falta de Atenção à Condução;Colisão lateral;Com Vítimas Feridas;Pleno dia;Crescente;Céu Claro;Simples;Curva;Não;3;0;2;0;1;0;2;2;-19,50224;-40,62082
237170.0;2019-09-22;domingo;11:30:00;262.0;4,3;CARIACICA;Objeto estático sobre o leito carroçável;Colisão com objeto estático;Com Vítimas Feridas;Pleno dia;Decrescente;Sol;Múltipla;Reta;Sim;2;0;1;0;1;0;1;2;-20,33609;-40,37813
237379.0;2019-09-22;domingo;18:20:00;259.0;46,2;COLATINA;Defeito Mecânico no Veículo;Incêndio;Sem Vítimas;Plena Noite;Crescente;Nublado;Simples;Reta;Não;1;0;0;0;1;0;0;1;-19,53043;-40,5818
237381.0;2019-09-22;domingo;18:40:00;101.0;424,8;ATILIO VIVACQUA;Falta de Atenção à Condução;Saída de leito carroçável;Com Vítimas Feridas;Plena Noite;Crescente;Chuva;Simples;Reta;Não;5;0;5;0;0;0;5;1;-20,99479;-41,12522
237415.0;2019-09-22;domingo;19:00:00;262.0;2,1;CARIACICA;Desobediência às normas de trânsito pelo condutor;Queda de ocupante de veículo;Com Vítimas Feridas;Plena Noite;Crescente;Chuva;Dupla;Reta;Sim;2;0;1;0;1;0;1;1;-20,33276;-40,36078
237421.0;2019-09-22;domingo;21:30:00;101.0;292,5;CARIACICA;Ingestão de Álcool;Colisão traseira;Sem Vítimas;Plena Noite;Decrescente;Chuva;Dupla;Reta;Sim;2;0;0;0;2;0;0;2;-20,31182;-40,39525
237428.0;2019-09-22;domingo;15:00:00;262.0;16;VIANA;Falta de Atenção à Condução;Colisão traseira;Com Vítimas Feridas;Pleno dia;Crescente;Sol;Simples;Reta;Não;3;0;2;0;1;0;2;2;-20,38507;-40,46936
237434.0;2019-09-22;domingo;21:45:00;262.0;101;VENDA NOVA DO IMIGRANTE;Pista Escorregadia;Capotamento;Com Vítimas Feridas;Plena Noite;Crescente;Chuva;Simples;Curva;Não;1;0;1;0;0;0;1;1;-20,3489;-41,10325
237474.0;2019-09-23;segunda-feira;03:50:00;101.0;0,6;SERRA;Falta de Atenção à Condução;Colisão traseira;Com Vítimas Feridas;Plena Noite;Crescente;Garoa/Chuvisco;Simples;Reta;Sim;2;0;1;0;1;0;1;2;-20,12909;-40,30812
237506.0;2019-08-11;domingo;09:40:00;482.0;48,8;CACHOEIRO DE ITAPEMIRIM;Avarias e/ou desgaste excessivo no pneu;Queda de ocupante de veículo;Com Vítimas Feridas;Pleno dia;Crescente;Céu Claro;Simples;Reta;Não;2;0;2;0;0;0;2;1;-20,76462;-41,27066
237550.0;2019-09-23;segunda-feira;01:40:00;101.0;94,4;JAGUARE;Defeito Mecânico no Veículo;Tombamento;Com Vítimas Feridas;Pleno dia;Decrescente;Nublado;Simples;Reta;Sim;1;0;0;1;0;0;1;1;-18,93086;-39,97181
237594.0;2019-09-23;segunda-feira;17:05:00;262.0;55;MARECHAL FLORIANO;Falta de Atenção à Condução;Colisão traseira;Com Vítimas Feridas;Pleno dia;Crescente;Nublado;Simples;Rotatória;Não;2;0;1;0;1;0;1;2;-20,41121;-40,74794
237595.0;2019-09-23;segunda-feira;18:00:00;101.0;144;LINHARES;Falta de Atenção à Condução;Colisão com objeto em movimento;Com Vítimas Feridas;Plena Noite;Decrescente;Céu Claro;Dupla;Interseção de vias;Sim;2;0;0;1;1;0;1;2;-19,35188;-40,06367
237621.0;2019-06-13;quinta-feira;17:40:00;101.0;288,9;CARIACICA;Falta de Atenção do Pedestre;Atropelamento de Pedestre;Com Vítimas Fatais;Anoitecer;Crescente;Céu Claro;Dupla;Reta;Sim;2;1;0;0;1;0;0;1;-20,2716;-40,39092
237626.0;2019-09-23;segunda-feira;19:35:00;101.0;241,6;SERRA;Falta de Atenção do Pedestre;Atropelamento de Pedestre;Com Vítimas Fatais;Plena Noite;Crescente;Nublado;Simples;Reta;Não;3;1;0;0;2;0;0;2;-20,0239;-40,39998
237630.0;2019-09-23;segunda-feira;20:00:00;101.0;144,1;LINHARES;Falta de Atenção à Condução;Colisão lateral;Com Vítimas Feridas;Plena Noite;Decrescente;Céu Claro;Dupla;Reta;Sim;2;0;1;0;1;0;1;2;-19,35188;-40,06367
237632.0;2019-09-23;segunda-feira;19:05:00;262.0;0,5;CARIACICA;Falta de Atenção à Condução;Colisão traseira;Com Vítimas Feridas;Plena Noite;Decrescente;Céu Claro;Dupla;Reta;Sim;2;0;1;0;1;0;1;2;-20,32079;-40,35332
237635.0;2019-09-23;segunda-feira;21:10:00;101.0;269,6;SERRA;Desobediência às normas de trânsito pelo condutor;Colisão transversal;Com Vítimas Feridas;Plena Noite;Crescente;Nublado;Múltipla;Interseção de vias;Sim;4;0;1;1;2;0;2;2;-20,22179;-40,27041
237693.0;2019-09-24;terça-feira;07:40:00;101.0;1,5;SERRA;Falta de Atenção à Condução;Colisão lateral;Com Vítimas Feridas;Pleno dia;Decrescente;Céu Claro;Dupla;Reta;Sim;2;0;1;0;1;0;1;2;-20,23854;-40,27765
237701.0;2019-09-24;terça-feira;09:15:00;482.0;78,1;ALEGRE;Falta de Atenção à Condução;Colisão lateral;Com Vítimas Feridas;Pleno dia;Crescente;Céu Claro;Simples;Curva;Não;4;0;3;0;1;0;3;2;-20,75978;-41,49587
237739.0;2019-09-24;terça-feira;14:15:00;101.0;270,8;SERRA;Não guardar distância de segurança;Colisão traseira;Com Vítimas Feridas;Pleno dia;Decrescente;Chuva;Múltipla;Reta;Sim;2;0;1;0;1;0;1;2;-20,22662;-40,27075
237740.0;2019-09-24;terça-feira;14:10:00;101.0;270;SERRA;Defeito Mecânico no Veículo;Incêndio;Sem Vítimas;Pleno dia;Crescente;Céu Claro;Múltipla;Reta;Sim;3;0;0;0;3;0;0;1;-20,22662;-40,27075
237769.0;2019-09-24;terça-feira;18:22:00;101.0;62,4;SAO MATEUS;Desobediência às normas de trânsito pelo condutor;Colisão lateral;Com Vítimas Fatais;Plena Noite;Crescente;Nublado;Simples;Curva;Sim;2;1;0;0;1;0;0;2;-18,6902;-39,86154
237795.0;2019-09-24;terça-feira;19:45:00;262.0;115,8;CONCEICAO DO CASTELO;Mal Súbito;Colisão transversal;Com Vítimas Feridas;Plena Noite;Crescente;Nublado;Simples;Interseção de vias;Não;2;0;0;1;1;0;1;2;-20,31835;-41,22571
237800.0;2019-08-15;quinta-feira;08:00:00;101.0;268,9;SERRA;Falta de Atenção à Condução;Colisão lateral;Com Vítimas Feridas;Pleno dia;Crescente;Céu Claro;Dupla;Reta;Sim;2;0;1;0;1;0;1;2;-20,21812;-40,27019