id;data_inversa;dia_semana;horario;br;km;municipio;causa_acidente;tipo_acidente;classificacao_acidente;fase_dia;sentido_via;condicao_metereologica;tipo_pista;tracado_via;uso_solo;pessoas;mortos;feridos_leves;feridos_graves;ilesos;ignorados;feridos;veiculos;latitude;longitude
257552.0;2019-12-20;sexta-feira;23:30:00;101.0;1,7;SERRA;Defeito Mecânico no Veículo;Tombamento;Com Vítimas Feridas;Plena Noite;Decrescente;Céu Claro;Dupla;Reta;Não;2;0;1;1;0;0;2;1;-20,24688;-40,28396
257607.0;2019-12-21;sábado;05:45:00;101.0;79,5;SAO MATEUS;Condutor Dormindo;Capotamento;Com Vítimas Feridas;Pleno dia;Crescente;Céu Claro;Simples;Desvio Temporário;Sim;1;0;1;0;0;0;1;1;-18,81418;-39,90122
257612.0;2019-12-21;sábado;06:30:00;101.0;266;SERRA;Falta de Atenção à Condução;Colisão transversal;Com Vítimas Feridas;Pleno dia;Crescente;Céu Claro;Dupla;Não Informado;Sim;2;0;1;0;1;0;1;2;-20,1902;-40,26829
257771.0;2019-12-21;sábado;17:20:00;101.0;98;JAGUARE;Carga excessiva e/ou mal acondicionada;Colisão com objeto em movimento;Com Vítimas Feridas;Anoitecer;Decrescente;Céu Claro;Simples;Não Informado;Não;3;0;1;0;1;1;1;2;-18,96369;-39,98758
257807.0;2019-12-21;sábado;19:30:00;101.0;300;VIANA;Velocidade Incompatível;Tombamento;Com Vítimas Feridas;Plena Noite;Decrescente;Céu Claro;Dupla;Reta;Sim;1;0;1;0;0;0;1;1;-20,35863;-40,43217
257812.0;2019-12-21;sábado;20:15:00;101.0;144;LINHARES;Falta de Atenção à Condução;Queda de ocupante de veículo;Com Vítimas Feridas;Plena Noite;Crescente;Céu Claro;Múltipla;Interseção de vias;Sim;1;0;0;1;0;0;1;1;-19,35188;-40,06367
257815.0;2019-12-21;sábado;19:55:00;101.0;150,5;LINHARES;Desobediência às normas de trânsito pelo condutor;Colisão transversal;Com Vítimas Feridas;Plena Noite;Crescente;Céu Claro;Múltipla;Reta;Sim;2;0;1;0;1;0;1;2;-19,40437;-40,06079
257831.0;2019-10-22;terça-feira;22:00:00;101.0;328,7;GUARAPARI;Restrição de Visibilidade;Tombamento;Com Vítimas Feridas;Plena Noite;Crescente;Chuva;Simples;Curva;Não;1;0;1;0;0;0;1;1;-20,5849;-40,49561
257837.0;2019-12-21;sábado;20:50:00;259.0;105;BAIXO GUANDU;Ultrapassagem Indevida;Capotamento;Com Vítimas Feridas;Plena Noite;Crescente;Céu Claro;Simples;Reta;Não;1;0;1;0;0;0;1;1;-19,50793;-41,03435
257846.0;2019-12-21;sábado;20:40:00;101.0;90,1;JAGUARE;Desobediência às normas de trânsito pelo condutor;Colisão frontal;Com Vítimas Feridas;Plena Noite;Crescente;Céu Claro;Dupla;Interseção de vias;Sim;2;0;1;0;1;0;1;2;-18,89807;-39,95602
257876.0;2019-12-22;domingo;00:10:00;447.0;12,7;VILA VELHA;Falta de Atenção à Condução;Colisão lateral;Com Vítimas Feridas;Plena Noite;Crescente;Céu Claro;Dupla;Retorno Regulamentado;Sim;2;0;1;0;0;1;1;2;-20,35784;-40,33283
257879.0;2019-12-22;domingo;00:05:00;101.0;234,5;FUNDAO;Falta de Atenção à Condução;Saída de leito carroçável;Com Vítimas Feridas;Plena Noite;Decrescente;Céu Claro;Simples;Curva;Não;1;0;1;0;0;0;1;1;-19,96974;-40,40766
257911.0;2019-12-22;domingo;01:30:00;259.0;77;COLATINA;Não guardar distância de segurança;Colisão traseira;Com Vítimas Feridas;Plena Noite;Crescente;Céu Claro;Dupla;Reta;Não;2;0;0;1;1;0;1;2;-19,52764;-40,80713
257912.0;2019-12-22;domingo;04:00:00;101.0;237,5;FUNDAO;Falta de Atenção à Condução;Colisão frontal;Com Vítimas Feridas;Plena Noite;Decrescente;Céu Claro;Simples;Reta;Não;8;0;3;2;3;0;5;3;-20,00069;-40,41334
257972.0;2019-12-22;domingo;10:30:00;482.0;8,6;CACHOEIRO DE ITAPEMIRIM;Desobediência às normas de trânsito pelo condutor;Colisão lateral;Com Vítimas Feridas;Pleno dia;Crescente;Céu Claro;Dupla;Reta;Sim;3;0;2;0;1;0;2;2;-20,86187;-41,11846
257976.0;2019-12-22;domingo;11:15:00;101.0;146;LINHARES;Falta de Atenção à Condução;Colisão transversal;Sem Vítimas;Pleno dia;Crescente;Céu Claro;Simples;Interseção de vias;Sim;2;0;0;0;0;2;0;2;-19,36991;-40,06561
257987.0;2019-12-22;domingo;12:05:00;101.0;181;LINHARES;Falta de Atenção à Condução;Colisão transversal;Com Vítimas Feridas;Pleno dia;Crescente;Sol;Simples;Reta;Não;2;0;0;1;1;0;1;2;-19,63125;-40,22615
257992.0;2019-12-22;domingo;12:40:00;101.0;383,8;RIO NOVO DO SUL;Falta de Atenção à Condução;Colisão transversal;Com Vítimas Feridas;Pleno dia;Crescente;Céu Claro;Simples;Reta;Sim;6;0;4;1;1;0;5;2;-20,82533;-40,85473
258000.0;2019-12-22;domingo;13:10:00;101.0;409,2;ITAPEMIRIM;Condutor Dormindo;Saída de leito carroçável;Com Vítimas Feridas;Pleno dia;Decrescente;Céu Claro;Simples;Reta;Não;5;0;3;1;1;0;4;1;-20,89643;-41,04527
258049.0;2019-12-22;domingo;18:00:00;101.0;176;ARACRUZ;Falta de Atenção à Condução;Colisão lateral;Com Vítimas Feridas;Pleno dia;Crescente;Céu Claro;Simples;Reta;Sim;3;0;2;0;1;0;2;2;-19,59524;-40,19835
258085.0;2019-12-22;domingo;20:50:00;101.0;270,8;SERRA;Desobediência às normas de trânsito pelo condutor;Colisão lateral;Com Vítimas Feridas;Plena Noite;Crescente;Céu Claro;Múltipla;Interseção de vias;Sim;2;0;1;0;1;0;1;2;-20,23182;-40,27412
258104.0;2019-12-22;domingo;21:20:00;101.0;145;LINHARES;Falta de Atenção à Condução;Colisão traseira;Sem Vítimas;Plena Noite;Crescente;Céu Claro;Simples;Reta;Não;2;0;0;0;1;1;0;2;-19,3609;-40,06464
258116.0;2019-12-22;domingo;22:20:00;101.0;66;SAO MATEUS;Falta de Atenção à Condução;Saída de leito carroçável;Com Vítimas Feridas;Plena Noite;Decrescente;Céu Claro;Dupla;Reta;Sim;1;0;1;0;0;0;1;1;-18,71652;-39,87436
258195.0;2019-12-23;segunda-feira;08:20:00;101.0;131;LINHARES;Falta de Atenção à Condução;Colisão transversal;Com Vítimas Feridas;Pleno dia;Decrescente;Céu Claro;Simples;Reta;Não;3;0;1;0;2;0;1;2;-19,23897;-40,09171
258220.0;2019-12-23;segunda-feira;10:30:00;101.0;1,5;VITORIA;Defeito na Via;Tombamento;Com Vítimas Feridas;Pleno dia;Decrescente;Sol;Dupla;Reta;Sim;1;0;1;0;0;0;1;1;-20,23267;-40,27658
258254.0;2019-12-23;segunda-feira;12:40:00;101.0;437;MIMOSO DO SUL;Desobediência às normas de trânsito pelo condutor;Colisão lateral;Com Vítimas Feridas;Pleno dia;Crescente;Céu Claro;Simples;Reta;Não;7;0;1;0;6;0;1;3;-21,06217;-41,21282
258281.0;2019-12-23;segunda-feira;15:10:00;262.0;123,8;CONCEICAO DO CASTELO;Ingestão de Álcool;Colisão lateral;Sem Vítimas;Pleno dia;Crescente;Nublado;Simples;Reta;Não;4;0;0;0;4;0;0;2;-20,29098;-41,24799
258304.0;2019-12-23;segunda-feira;14:30:00;259.0;27;COLATINA;Desobediência às normas de trânsito pelo condutor;Tombamento;Com Vítimas Feridas;Pleno dia;Crescente;Céu Claro;Simples;Curva;Não;2;0;1;0;1;0;1;2;-19,61118;-40,49066
258332.0;2019-12-23;segunda-feira;18:40:00;101.0;130;LINHARES;Ultrapassagem Indevida;Colisão frontal;Com Vítimas Fatais;Plena Noite;Crescente;Céu Claro;Dupla;Reta;Não;8;4;0;2;2;0;2;4;-19,23443;-40,09225
258337.0;2019-12-23;segunda-feira;18:20:00;262.0;21,7;VIANA;Desobediência às normas de trânsito pelo condutor;Colisão frontal;Com Vítimas Fatais;Anoitecer;Crescente;Céu Claro;Simples;Reta;Não;2;1;0;0;1;0;0;2;-20,38054;-40,50498
258359.0;2019-12-23;segunda-feira;20:40:00;259.0;83;COLATINA;Fenômenos da Natureza;Colisão com objeto estático;Com Vítimas Feridas;Plena Noite;Crescente;Céu Claro;Dupla;Reta;Não;2;0;1;1;0;0;2;1;-19,5115;-40,85999
258369.0;2019-12-22;domingo;02:40:00;262.0;78,5;DOMINGOS MARTINS;Condutor Dormindo;Saída de leito carroçável;Com Vítimas Feridas;Plena Noite;Decrescente;Céu Claro;Simples;Curva;Não;1;0;1;0;0;0;1;1;-20,41116;-40,92351
258373.0;2019-12-23;segunda-feira;19:30:00;101.0;129,9;LINHARES;Velocidade Incompatível;Colisão transversal;Com Vítimas Feridas;Plena Noite;Crescente;Céu Claro;Simples;Reta;Não;4;0;1;0;3;0;1;3;-19,22093;-40,09362
258390.0;2019-12-23;segunda-feira;20:30:00;482.0;102,1;GUACUI;Velocidade Incompatível;Atropelamento de Animal;Com Vítimas Feridas;Plena Noite;Crescente;Nublado;Simples;Reta;Não;2;0;0;2;0;0;2;1;-20,77935;-41,64501
258395.0;2019-12-23;segunda-feira;23:30:00;101.0;292,9;CARIACICA;Falta de Atenção à Condução;Tombamento;Com Vítimas Feridas;Plena Noite;Crescente;Céu Claro;Dupla;Reta;Sim;1;0;0;1;0;0;1;1;-20,30651;-40,39489
258400.0;2019-12-23;segunda-feira;17:00:00;262.0;107;VENDA NOVA DO IMIGRANTE;Não guardar distância de segurança;Colisão traseira;Com Vítimas Feridas;Pleno dia;Crescente;Céu Claro;Simples;Reta;Sim;3;0;0;1;2;0;1;2;-20,32992;-41,15344
258416.0;2019-12-24;terça-feira;03:50:00;101.0;272,9;SERRA;Defeito Mecânico no Veículo;Colisão com objeto estático;Com Vítimas Feridas;Plena Noite;Crescente;Céu Claro;Dupla;Reta;Não;2;0;1;0;1;0;1;1;-20,22725;-40,28427
258417.0;2019-06-06;quinta-feira;18:40:00;101.0;267;SERRA;Falta de Atenção à Condução;Colisão transversal;Com Vítimas Feridas;Plena Noite;Crescente;Céu Claro;Dupla;Interseção de vias;Sim;2;0;0;1;1;0;1;2;-20,19931;-40,26885
258423.0;2019-07-04;quinta-feira;23:33:00;101.0;266;SERRA;Desobediência às normas de trânsito pelo condutor;Colisão transversal;Com Vítimas Feridas;Plena Noite;Crescente;Céu Claro;Dupla;Interseção de vias;Sim;3;0;0;1;1;1;1;2;-20,1902;-40,26829
258427.0;2019-12-24;terça-feira;06:00:00;101.0;203,5;JOAO NEIVA;Animais na Pista;Tombamento;Com Vítimas Feridas;Pleno dia;Crescente;Céu Claro;Simples;Curva;Não;1;0;1;0;0;0;1;1;-19,74448;-40,37264
258458.0;2019-12-24;terça-feira;10:00:00;101.0;148,7;LINHARES;Desobediência às normas de trânsito pelo condutor;Colisão lateral;Com Vítimas Feridas;Pleno dia;Crescente;Nublado;Múltipla;Reta;Sim;2;0;1;0;1;0;1;2;-19,39382;-40,06555
258479.0;2019-12-24;terça-feira;12:15:00;101.0;298;VIANA;Não guardar distância de segurança;Colisão traseira;Com Vítimas Feridas;Pleno dia;Decrescente;Céu Claro;Múltipla;Reta;Sim;6;0;1;0;5;0;1;3;-20,35278;-40,41474
258521.0;2019-12-24;terça-feira;13:50:00;262.0;0;VITORIA;Falta de Atenção à Condução;Colisão lateral;Com Vítimas Feridas;Pleno dia;Crescente;Céu Claro;Dupla;Ponte;Não;3;0;1;0;1;1;1;3;-20,32079;-40,35332
258538.0;2019-12-24;terça-feira;16:50:00;262.0;6,7;CARIACICA;Desobediência às normas de trânsito pelo condutor;Colisão lateral;Com Vítimas Feridas;Pleno dia;Crescente;Sol;Múltipla;Reta;Sim;3;0;1;0;1;1;1;2;-20,34007;-40,39451
258566.0;2019-12-24;terça-feira;19:10:00;101.0;258,6;SERRA;Fenômenos da Natureza;Colisão com objeto estático;Com Vítimas Feridas;Plena Noite;Crescente;Chuva;Dupla;Curva;Sim;1;0;1;0;0;0;1;1;-20,1306;-40,2961
258568.0;2019-12-24;terça-feira;19:20:00;101.0;140,1;LINHARES;Animais na Pista;Atropelamento de Animal;Com Vítimas Feridas;Plena Noite;Decrescente;Céu Claro;Dupla;Reta;Não;1;0;1;0;0;0;1;1;-19,31817;-40,07552
258584.0;2019-12-24;terça-feira;21:05:00;101.0;63,7;SAO MATEUS;Ingestão de Álcool;Colisão frontal;Com Vítimas Feridas;Plena Noite;Decrescente;Nublado;Simples;Curva;Sim;4;0;1;1;2;0;2;3;-18,69831;-39,86481
258619.0;2019-12-25;quarta-feira;00:15:00;101.0;184,1;ARACRUZ;Carga excessiva e/ou mal acondicionada;Derramamento de carga;Com Vítimas Feridas;Plena Noite;Crescente;Chuva;Simples;Não Informado;Não;2;0;1;0;1;0;1;1;-19,65646;-40,23393
258623.0;2019-12-25;quarta-feira;01:15:00;101.0;296;CARIACICA;Velocidade Incompatível;Colisão com objeto estático;Sem Vítimas;Plena Noite;Decrescente;Chuva;Dupla;Viaduto;Sim;1;0;0;0;0;1;0;1;-20,3403;-40,40406
258692.0;2019-12-25;quarta-feira;11:10:00;262.0;144,4;MUNIZ FREIRE;Velocidade Incompatível;Tombamento;Com Vítimas Feridas;Pleno dia;Crescente;Nublado;Simples;Reta;Não;2;0;2;0;0;0;2;2;-20,23849;-41,40421
258728.0;2019-12-25;quarta-feira;14:50:00;262.0;47,4;MARECHAL FLORIANO;Velocidade Incompatível;Saída de leito carroçável;Com Vítimas Feridas;Pleno dia;Crescente;Chuva;Simples;Reta;Não;1;0;1;0;0;0;1;1;-20,4113;-40,67927
258733.0;2019-12-25;quarta-feira;16:00:00;259.0;104,7;BAIXO GUANDU;Condutor Dormindo;Capotamento;Com Vítimas Feridas;Anoitecer;Crescente;Céu Claro;Simples;Reta;Não;2;0;1;1;0;0;2;1;-19,51281;-41,02768
258734.0;2019-12-25;quarta-feira;16:30:00;101.0;147;LINHARES;Ingestão de Álcool;Colisão lateral;Sem Vítimas;Pleno dia;Crescente;Nublado;Dupla;Reta;Sim;2;0;0;0;2;0;0;2;-19,37887;-40,06658
258763.0;2019-12-25;quarta-feira;20:00:00;101.0;262;SERRA;Não guardar distância de segurança;Colisão traseira;Com Vítimas Feridas;Plena Noite;Crescente;Céu Claro;Dupla;Reta;Não;3;0;1;0;2;0;1;2;-20,15723;-40,27678
258825.0;2019-12-26;quinta-feira;06:40:00;101.0;84,5;SAO MATEUS;Falta de Atenção à Condução;Capotamento;Com Vítimas Feridas;Pleno dia;Crescente;Céu Claro;Simples;Reta;Não;4;0;4;0;0;0;4;1;-18,85088;-39,92872
258853.0;2019-12-24;terça-feira;22:30:00;262.0;1,3;CARIACICA;Velocidade Incompatível;Capotamento;Sem Vítimas;Plena Noite;Decrescente;Céu Claro;Dupla;Curva;Sim;1;0;0;0;1;0;0;1;-20,32955;-40,35493
258891.0;2019-12-26;quinta-feira;13:30:00;101.0;372,5;ICONHA;Não guardar distância de segurança;Colisão traseira;Com Vítimas Feridas;Pleno dia;Crescente;Céu Claro;Simples;Reta;Não;2;0;1;0;0;1;1;2;-20,77215;-40,77696
258937.0;2019-12-26;quinta-feira;17:00:00;262.0;49,5;MARECHAL FLORIANO;Falta de Atenção à Condução;Colisão transversal;Com Vítimas Feridas;Anoitecer;Decrescente;Céu Claro;Simples;Não Informado;Não;2;0;0;1;1;0;1;2;-20,41251;-40,69799
258953.0;2019-12-26;quinta-feira;19:30:00;101.0;258;SERRA;Desobediência às normas de trânsito pelo condutor;Queda de ocupante de veículo;Com Vítimas Feridas;Plena Noite;Decrescente;Céu Claro;Dupla;Reta;Sim;2;0;0;1;1;0;1;2;-20,1306;-40,2961
258997.0;2019-12-26;quinta-feira;23:50:00;262.0;65;MARECHAL FLORIANO;Animais na Pista;Colisão com objeto estático;Com Vítimas Feridas;Plena Noite;Crescente;Céu Claro;Simples;Curva;Não;2;0;1;1;0;0;2;1;-20,41443;-40,82302
259005.0;2019-12-26;quinta-feira;19:10:00;259.0;42;COLATINA;Falta de Atenção à Condução;Queda de ocupante de veículo;Com Vítimas Feridas;Anoitecer;Crescente;Nublado;Simples;Reta;Sim;2;0;1;0;0;1;1;2;-19,55373;-40,55671
259096.0;2019-12-27;sexta-feira;14:30:00;101.0;399;ITAPEMIRIM;Falta de Atenção à Condução;Colisão com objeto em movimento;Sem Vítimas;Pleno dia;Decrescente;Céu Claro;Dupla;Reta;Não;1;0;0;0;1;0;0;1;-20,87819;-40,96568
259216.0;2019-12-28;sábado;02:45:00;262.0;19,5;VIANA;Falta de Atenção à Condução;Colisão traseira;Com Vítimas Feridas;Plena Noite;Decrescente;Nublado;Simples;Reta;Sim;2;0;1;0;1;0;1;2;-20,39191;-40,49002
259227.0;2019-12-28;sábado;04:00:00;101.0;298;VIANA;Falta de Atenção à Condução;Colisão com objeto estático;Sem Vítimas;Plena Noite;Crescente;Céu Claro;Dupla;Viaduto;Sim;1;0;0;0;0;1;0;1;-20,35374;-40,41564
259251.0;2019-12-28;sábado;07:30:00;262.0;26;VIANA;Falta de Atenção à Condução;Colisão lateral;Sem Vítimas;Pleno dia;Decrescente;Nublado;Simples;Curva;Não;2;0;0;0;1;1;0;2;-20,38042;-40,54403
259266.0;2019-12-28;sábado;09:20:00;101.0;381,5;RIO NOVO DO SUL;Ultrapassagem Indevida;Colisão frontal;Com Vítimas Feridas;Pleno dia;Decrescente;Nublado;Simples;Reta;Não;10;0;1;3;6;0;4;4;-20,81427;-40,84094
259286.0;2019-12-28;sábado;11:10:00;101.0;343,3;GUARAPARI;Defeito Mecânico no Veículo;Tombamento;Com Vítimas Feridas;Pleno dia;Crescente;Nublado;Simples;Curva;Não;2;0;0;2;0;0;2;1;-20,66192;-40,59046
259300.0;2019-12-28;sábado;13:10:00;101.0;127,8;SOORETAMA;Não guardar distância de segurança;Colisão lateral;Com Vítimas Feridas;Pleno dia;Decrescente;Chuva;Simples;Reta;Não;2;0;1;0;1;0;1;2;-19,2029;-40,09552
259335.0;2019-12-28;sábado;18:45:00;101.0;252,6;SERRA;Falta de Atenção à Condução;Queda de ocupante de veículo;Com Vítimas Feridas;Plena Noite;Crescente;Nublado;Simples;Reta;Sim;2;0;1;0;1;0;1;1;-20,09618;-40,33951
259371.0;2019-12-28;sábado;20:45:00;101.0;204,7;JOAO NEIVA;Desobediência às normas de trânsito pelo condutor;Colisão transversal;Com Vítimas Feridas;Plena Noite;Decrescente;Céu Claro;Múltipla;Interseção de vias;Sim;2;0;0;1;0;1;1;2;-19,74949;-40,37923
259372.0;2019-12-28;sábado;21:05:00;101.0;287;CARIACICA;Falta de Atenção à Condução;Colisão lateral;Com Vítimas Feridas;Plena Noite;Decrescente;Céu Claro;Dupla;Reta;Não;3;0;0;1;2;0;1;2;-20,26494;-40,38472
259406.0;2019-12-29;domingo;00:20:00;101.0;183,6;ARACRUZ;Velocidade Incompatível;Colisão lateral;Com Vítimas Feridas;Plena Noite;Decrescente;Chuva;Simples;Curva;Não;5;0;4;0;1;0;4;2;-19,64708;-40,23287
259410.0;2019-12-29;domingo;01:25:00;101.0;354,5;ANCHIETA;Ingestão de Álcool;Colisão frontal;Com Vítimas Feridas;Pleno dia;Crescente;Nublado;Simples;Ponte;Não;2;0;0;1;1;0;1;2;-20,68449;-40,67131
259448.0;2019-12-29;domingo;07:10:00;101.0;301,8;VIANA;Defeito Mecânico no Veículo;Tombamento;Com Vítimas Feridas;Pleno dia;Decrescente;Sol;Dupla;Reta;Sim;2;0;2;0;0;0;2;1;-20,36278;-40,44013
259467.0;2019-12-29;domingo;09:25:00;101.0;86,7;SAO MATEUS;Falta de Atenção à Condução;Colisão traseira;Com Vítimas Feridas;Pleno dia;Crescente;Nublado;Simples;Reta;Não;3;0;0;1;2;0;1;2;-18,86552;-39,93979
259475.0;2019-12-29;domingo;09:57:00;262.0;5,7;CARIACICA;Condutor Dormindo;Colisão lateral;Com Vítimas Feridas;Pleno dia;Crescente;Céu Claro;Dupla;Retorno Regulamentado;Sim;3;0;1;0;2;0;1;3;-20,33707;-40,3865
259482.0;2019-12-29;domingo;11:00:00;262.0;131,4;BREJETUBA;Ultrapassagem Indevida;Saída de leito carroçável;Com Vítimas Feridas;Pleno dia;Crescente;Céu Claro;Simples;Reta;Não;4;0;2;1;0;1;3;1;-20,25656;-41,30518
259484.0;2019-12-29;domingo;10:40:00;101.0;254,6;SERRA;Falta de Atenção à Condução;Colisão lateral;Sem Vítimas;Pleno dia;Decrescente;Sol;Simples;Reta;Sim;2;0;0;0;1;1;0;2;-20,11004;-40,3274
259532.0;2019-12-29;domingo;18:00:00;101.0;59,3;SAO MATEUS;Avarias e/ou desgaste excessivo no pneu;Queda de ocupante de veículo;Com Vítimas Feridas;Pleno dia;Crescente;Céu Claro;Simples;Reta;Não;2;0;2;0;0;0;2;1;-18,66417;-39,86887
259558.0;2019-12-29;domingo;20:10:00;101.0;269;SERRA;Falta de Atenção à Condução;Capotamento;Com Vítimas Feridas;Plena Noite;Decrescente;Céu Claro;Múltipla;Reta;Sim;4;0;2;0;2;0;2;2;-20,2174;-40,26991
259581.0;2019-12-29;domingo;21:30:00;101.0;2,5;SERRA;Falta de Atenção à Condução;Colisão traseira;Com Vítimas Feridas;Plena Noite;Crescente;Céu Claro;Dupla;Não Informado;Sim;3;0;2;0;1;0;2;3;-20,12909;-40,30812
259661.0;2019-12-30;segunda-feira;14:00:00;101.0;160;LINHARES;Defeito Mecânico no Veículo;Colisão com objeto em movimento;Com Vítimas Feridas;Pleno dia;Crescente;Céu Claro;Simples;Reta;Não;2;0;1;0;1;0;1;2;-19,47663;-40,11403
259675.0;2019-12-30;segunda-feira;15:00:00;101.0;402,6;CACHOEIRO DE ITAPEMIRIM;Não guardar distância de segurança;Colisão transversal;Com Vítimas Feridas;Pleno dia;Crescente;Céu Claro;Simples;Reta;Não;5;0;2;1;2;0;3;3;-20,88974;-40,99356
259710.0;2019-12-30;segunda-feira;17:55:00;101.0;2,4;VITORIA;Não guardar distância de segurança;Colisão traseira;Sem Vítimas;Pleno dia;Crescente;Sol;Dupla;Reta;Sim;4;0;0;0;4;0;0;4;-20,3154;-40,3018
259712.0;2019-12-30;segunda-feira;17:40:00;101.0;263,2;SERRA;Falta de Atenção à Condução;Tombamento;Com Vítimas Feridas;Pleno dia;Decrescente;Céu Claro;Dupla;Reta;Sim;2;0;0;2;0;0;2;1;-20,16555;-40,27302
259721.0;2019-12-30;segunda-feira;18:30:00;259.0;95,5;BAIXO GUANDU;Falta de Atenção à Condução;Capotamento;Com Vítimas Feridas;Anoitecer;Crescente;Céu Claro;Simples;Reta;Não;1;0;0;1;0;0;1;1;-19,50437;-40,95222
259742.0;2019-11-04;segunda-feira;21:50:00;101.0;388;RIO NOVO DO SUL;Condutor Dormindo;Colisão lateral;Com Vítimas Feridas;Pleno dia;Crescente;Céu Claro;Simples;Curva;Não;2;0;1;0;1;0;1;2;-20,8569;-40,87678
259757.0;2019-12-30;segunda-feira;21:00:00;262.0;91;DOMINGOS MARTINS;Falta de Atenção à Condução;Colisão transversal;Com Vítimas Feridas;Plena Noite;Crescente;Nublado;Simples;Curva;Não;4;0;2;1;1;0;3;3;-20,37854;-41,03515
259759.0;2019-12-30;segunda-feira;21:40:00;101.0;169;LINHARES;Defeito Mecânico no Veículo;Tombamento;Sem Vítimas;Plena Noite;Crescente;Céu Claro;Simples;Reta;Não;2;0;0;0;2;0;0;1;-19,54224;-40,16291
259851.0;2019-12-31;terça-feira;14:20:00;262.0;54,1;MARECHAL FLORIANO;Pista Escorregadia;Capotamento;Sem Vítimas;Pleno dia;Decrescente;Chuva;Dupla;Curva;Não;1;0;0;0;1;0;0;1;-20,41496;-40,74099
259925.0;2019-12-31;terça-feira;21:10:00;262.0;2,2;CARIACICA;Falta de Atenção à Condução;Colisão lateral;Sem Vítimas;Plena Noite;Crescente;Céu Claro;Dupla;Reta;Sim;2;0;0;0;2;0;0;2;-20,33276;-40,36078
260026.0;2019-12-31;terça-feira;23:50:00;101.0;293;CARIACICA;Ingestão de Álcool;Colisão com objeto estático;Com Vítimas Feridas;Plena Noite;Crescente;Nublado;Dupla;Reta;Não;2;0;2;0;0;0;2;1;-20,31526;-40,39567
261554.0;2019-05-31;sexta-feira;16:30:00;101.0;254;SERRA;Não guardar distância de segurança;Colisão traseira;Com Vítimas Feridas;Pleno dia;Crescente;Céu Claro;Dupla;Reta;Não;4;0;1;1;2;0;2;3;-20,11314;-40,32342
261571.0;2019-12-17;terça-feira;18:45:00;259.0;99,5;BAIXO GUANDU;Falta de Atenção à Condução;Colisão traseira;Sem Vítimas;Plena Noite;Crescente;Céu Claro;Dupla;Reta;Não;2;0;0;0;1;1;0;2;-19,51144;-40,90961
261575.0;2019-11-05;terça-feira;18:00:00;101.0;0;SERRA;Não guardar distância de segurança;Colisão traseira;Com Vítimas Feridas;Anoitecer;Decrescente;Céu Claro;Dupla;Reta;Sim;3;0;1;0;2;0;1;3;-20,23647;-40,27685
261676.0;2019-12-16;segunda-feira;06:45:00;447.0;13;VILA VELHA;Desobediência às normas de trânsito pelo condutor;Colisão lateral;Com Vítimas Feridas;Pleno dia;Decrescente;Céu Claro;Dupla;Reta;Sim;2;0;0;1;0;1;1;2;-20,35784;-40,33283
262318.0;2019-09-26;quinta-feira;09:00:00;101.0;297,5;VIANA;Falta de Atenção à Condução;Colisão traseira;Com Vítimas Feridas;Pleno dia;Decrescente;Ignorado;Dupla;Reta;Sim;2;0;1;0;1;0;1;2;-20,35094;-40,41305
262335.0;2019-12-07;sábado;21:40:00;101.0;76;SAO MATEUS;Não guardar distância de segurança;Colisão lateral;Com Vítimas Feridas;Plena Noite;Crescente;Céu Claro;Simples;Reta;Não;2;0;2;0;0;0;2;2;-18,7922;-39,88464
263443.0;2019-12-13;sexta-feira;07:20:00;101.0;180;ARACRUZ;Falta de Atenção à Condução;Colisão transversal;Com Vítimas Feridas;Pleno dia;Decrescente;Céu Claro;Simples;Reta;Não;2;0;1;0;1;0;1;2;-19,62383;-40,22074
264501.0;2019-12-04;quarta-feira;15:50:00;101.0;262,3;SERRA;Desobediência às normas de trânsito pelo condutor;Colisão transversal;Com Vítimas Feridas;Pleno dia;Crescente;Nublado;Dupla;Reta;Sim;3;0;0;2;1;0;2;2;-20,15723;-40,27678
264876.0;2019-12-23;segunda-feira;08:10:00;101.0;402;CACHOEIRO DE ITAPEMIRIM;Avarias e/ou desgaste excessivo no pneu;Colisão lateral;Com Vítimas Feridas;Pleno dia;Crescente;Chuva;Simples;Curva;Não;5;0;4;0;1;0;4;2;-20,88915;-40,99004
265979.0;2019-07-02;terça-feira;07:40:00;262.0;92,5;DOMINGOS MARTINS;Falta de Atenção à Condução;Engavetamento;Com Vítimas Feridas;Pleno dia;Decrescente;Sol;Simples;Reta;Não;5;0;1;0;0;4;1;5;-20,37836;-41,04242
266255.0;2019-10-07;segunda-feira;09:10:00;101.0;270,5;SERRA;Falta de Atenção à Condução;Tombamento;Com Vítimas Feridas;Pleno dia;Crescente;Céu Claro;Dupla;Reta;Sim;2;0;0;1;1;0;1;2;-20,23107;-40,27387